image_id,health_score,remaining_life_km,remaining_life_pred,risk_score,risk_level,replacement_urgency,replace_recommended
IMG_1902261 - Viren Viren.jpg,5.4,14937.0,18.671874999999996,30,MODERATE,Immediate,True
IMG_1902262 - Viren Viren.jpg,5.55,17906.0,22.3828125,0,LOW,High,True
IMG_1902263 - Viren Viren.jpg,5.8,23000.0,28.750000000000004,0,LOW,High,True
IMG_1902264 - Viren Viren.jpg,5.79,22750.0,28.437499999999993,0,LOW,High,True
IMG_1902265 - Viren Viren.jpg,4.44,11719.0,14.648437499999991,50,MODERATE,Immediate,True
IMG_1902266 - Viren Viren.jpg,5.15,10000.0,12.499999999999996,30,MODERATE,Immediate,True
IMG_1902267 - Viren Viren.jpg,5.84,23719.0,29.648437500000004,0,LOW,High,True
IMG_1902268 - Viren Viren.jpg,5.08,8688.0,10.859374999999998,30,MODERATE,Immediate,True
IMG_1902269 - Viren Viren.jpg,4.38,2542.0,3.177083333333334,30,MODERATE,Immediate,True
IMG_19022610 - Viren Viren.jpg,1.78,0.0,0.0,85,CRITICAL,Immediate,True
IMG_19022611 - Viren Viren.jpg,4.68,667.0,0.8333333333333317,30,MODERATE,Immediate,True
IMG_19022612 - Viren Viren.jpg,1.8,0.0,0.0,85,CRITICAL,Immediate,True
IMG_19022613 - Viren Viren.jpg,5.04,23781.0,29.726562500000004,20,LOW,High,True
IMG_19022614 - Viren Viren.jpg,4.41,11219.0,14.0234375,50,MODERATE,Immediate,True
IMG_19022615 - Viren Viren.jpg,4.53,13688.0,17.109375,50,MODERATE,Immediate,True
IMG_19022616 - Viren Viren.jpg,4.15,7969.0,9.960937499999996,50,MODERATE,Immediate,True
IMG_19022617 - Viren Viren.jpg,4.59,9000.0,11.249999999999996,50,MODERATE,Immediate,True
IMG_19022618 - Viren Viren.jpg,3.49,583.0,0.7291666666666662,70,HIGH,Immediate,True
IMG_19022619 - Viren Viren.jpg,3.61,3167.0,3.9583333333333344,70,HIGH,Immediate,True
IMG_19022620 - Viren Viren.jpg,4.61,9417.0,11.770833333333334,50,MODERATE,Immediate,True
IMG_19022621 - Viren Viren.jpg,5.51,17250.0,21.5625,30,MODERATE,High,True
IMG_19022622 - Viren Viren.jpg,5.6,19062.0,23.828124999999996,0,LOW,High,True
IMG_19022623 - Viren Viren.jpg,5.61,19250.0,24.062499999999993,0,LOW,High,True
IMG_19022624 - Viren Viren.jpg,5.55,17969.0,22.460937499999993,0,LOW,High,True
IMG_19022625 - Viren Viren.jpg,5.1,8958.0,11.197916666666668,30,MODERATE,Immediate,True
IMG_19022626 - Viren Viren.jpg,5.13,9542.0,11.92708333333333,30,MODERATE,Immediate,True
IMG_19022627 - Viren Viren.jpg,5.15,9958.0,12.447916666666663,30,MODERATE,Immediate,True
IMG_19022628 - Viren Viren.jpg,4.34,9750.0,12.187499999999996,50,MODERATE,Immediate,True
IMG_19022629 - Viren Viren.jpg,1.96,0.0,0.0,85,CRITICAL,Immediate,True
IMG_19022630 - Viren Viren.jpg,1.9,0.0,0.0,85,CRITICAL,Immediate,True
IMG_19022631 - Viren Viren.jpg,4.77,2333.0,2.916666666666661,30,MODERATE,Immediate,True
IMG_19022632 - Viren Viren.jpg,5.25,12000.0,15.0,30,MODERATE,Immediate,True
IMG_19022633 - Viren Viren.jpg,1.54,0.0,0.0,85,CRITICAL,Immediate,True
IMG_19022634 - Viren Viren.jpg,1.92,0.0,0.0,85,CRITICAL,Immediate,True
IMG_19022635 - Viren Viren.jpg,1.84,0.0,0.0,85,CRITICAL,Immediate,True
IMG_19022636 - Viren Viren.jpg,4.74,1708.0,2.135416666666664,30,MODERATE,Immediate,True
IMG_19022637 - Viren Viren.jpg,5.6,18917.0,23.64583333333333,0,LOW,High,True
IMG_19022638 - Viren Viren.jpg,5.66,20292.0,25.36458333333333,0,LOW,High,True
IMG_19022639 - Viren Viren.jpg,5.76,22292.0,27.864583333333332,0,LOW,High,True
IMG_19022640 - Viren Viren.jpg,5.82,23375.0,29.21875,0,LOW,High,True
IMG_19022641 - Viren Viren.jpg,5.77,22312.0,27.890625000000004,0,LOW,High,True
IMG_19022642 - Viren Viren.jpg,5.66,20125.0,25.156249999999996,0,LOW,High,True
IMG_19022643 - Viren Viren.jpg,4.97,22438.0,28.046875000000004,20,LOW,High,True
IMG_19022644 - Viren Viren.jpg,5.62,19313.0,24.140625000000004,0,LOW,High,True
IMG_19022645 - Viren Viren.jpg,5.56,18125.0,22.656249999999993,0,LOW,High,True
IMG_19022646 - Viren Viren.jpg,5.28,12594.0,15.742187499999996,30,MODERATE,Immediate,True
IMG_19022647 - Viren Viren.jpg,5.32,13469.0,16.8359375,30,MODERATE,Immediate,True
IMG_7342[1] - Viren Viren.JPG,4.95,5969.0,7.460937500000001,30,MODERATE,Immediate,True
IMG_7345 - Ubaid Elahi Baba.jpeg,4.17,4406.0,5.507812500000001,50,MODERATE,Immediate,True
IMG_7348 - Ubaid Elahi Baba.jpeg,5.11,9125.0,11.40625,30,MODERATE,Immediate,True
IMG_7351 - Ubaid Elahi Baba.jpeg,5.32,13406.0,16.757812499999996,30,MODERATE,Immediate,True
IMG_7354 - Ubaid Elahi Baba.jpeg,5.38,22656.0,28.3203125,0,LOW,High,True
IMG_7357 - Ubaid Elahi Baba.jpeg,5.9,25031.0,31.289062499999996,0,LOW,High,True
IMG_7361 - Ubaid Elahi Baba.jpeg,5.76,22188.0,27.734375000000007,0,LOW,High,True
IMG_7364 - Ubaid Elahi Baba.jpeg,5.76,22219.0,27.773437500000004,0,LOW,High,True
IMG_7367 - Ubaid Elahi Baba.jpeg,4.96,6250.0,7.8125,30,MODERATE,Immediate,True
IMG_7370 - Ubaid Elahi Baba.jpeg,4.51,7125.0,8.906249999999998,50,MODERATE,Immediate,True
IMG_7373 - Ubaid Elahi Baba.jpeg,1.88,0.0,0.0,85,CRITICAL,Immediate,True
IMG_7376 - Ubaid Elahi Baba.jpeg,4.79,10833.0,13.541666666666666,30,MODERATE,Immediate,True
IMG_7380 - Ubaid Elahi Baba.jpeg,4.96,6208.0,7.760416666666659,30,MODERATE,Immediate,True
IMG_7384 - Ubaid Elahi Baba.jpeg,4.98,6667.0,8.333333333333332,30,MODERATE,Immediate,True
IMG_7387 - Ubaid Elahi Baba.jpeg,5.93,25667.0,32.08333333333332,0,LOW,High,True
IMG_7390 - Ubaid Elahi Baba.jpeg,5.92,25375.0,31.71875,0,LOW,High,True
IMG_7394 - Ubaid Elahi Baba.jpeg,4.79,2792.0,3.489583333333331,30,MODERATE,Immediate,True
IMG_7398 - Ubaid Elahi Baba.jpeg,4.92,5458.0,6.822916666666664,30,MODERATE,Immediate,True
IMG_7401 - Ubaid Elahi Baba.jpeg,5.3,12958.0,16.197916666666664,30,MODERATE,Immediate,True
IMG_7405 - Ubaid Elahi Baba.jpeg,5.17,10417.0,13.020833333333334,30,MODERATE,Immediate,True
IMG_7408 - Ubaid Elahi Baba.jpeg,1.53,0.0,0.0,85,CRITICAL,Immediate,True
IMG_7411 - Ubaid Elahi Baba.jpeg,1.54,0.0,0.0,85,CRITICAL,Immediate,True
IMG_7415 - Ubaid Elahi Baba.jpeg,1.13,0.0,0.0,100,CRITICAL,Immediate,True
IMG_7418 - Ubaid Elahi Baba.jpeg,1.42,0.0,0.0,85,CRITICAL,Immediate,True
IMG_7421 - Ubaid Elahi Baba.jpeg,4.85,4083.0,5.104166666666663,30,MODERATE,Immediate,True
IMG_7424 - Ubaid Elahi Baba.jpeg,4.97,6500.0,8.125,30,MODERATE,Immediate,True
IMG_7427 - Ubaid Elahi Baba.jpeg,2.0,0.0,0.0,85,CRITICAL,Immediate,True
IMG_7430 - Ubaid Elahi Baba.jpeg,3.94,1833.0,2.2916666666666674,50,MODERATE,Immediate,True
IMG_7433 - Ubaid Elahi Baba.jpeg,4.55,8292.0,10.364583333333337,50,MODERATE,Immediate,True
IMG_7436 - Ubaid Elahi Baba.jpeg,1.79,0.0,0.0,100,CRITICAL,Immediate,True
IMG_7439 - Ubaid Elahi Baba.jpeg,4.34,3375.0,4.2187499999999964,50,MODERATE,Immediate,True
IMG_7442 - Ubaid Elahi Baba.jpeg,1.29,0.0,0.0,100,CRITICAL,Immediate,True
IMG_7445 - Ubaid Elahi Baba.jpeg,1.43,0.0,0.0,85,CRITICAL,Immediate,True
IMG_7448 - Ubaid Elahi Baba.jpeg,1.56,0.0,0.0,85,CRITICAL,Immediate,True
IMG_7451 - Ubaid Elahi Baba.jpeg,4.7,1000.0,1.2499999999999976,30,MODERATE,Immediate,True
IMG_7454 - Ubaid Elahi Baba.jpeg,4.17,6417.0,8.02083333333333,50,MODERATE,Immediate,True
IMG_7457 - Ubaid Elahi Baba.jpeg,5.14,17833.0,22.291666666666668,0,LOW,High,True
IMG_7460 - Ubaid Elahi Baba.jpeg,4.69,833.0,1.0416666666666665,30,MODERATE,Immediate,True
IMG_7463 - Ubaid Elahi Baba.jpeg,4.86,4167.0,5.208333333333332,30,MODERATE,Immediate,True
IMG_7463[1] - Viren Viren.JPG,5.91,25292.0,31.614583333333336,0,LOW,High,True
IMG_7469[2] - Viren Viren.JPG,5.75,22000.0,27.499999999999996,0,LOW,High,True
IMG_7472[1] - Viren Viren.JPG,5.87,24375.0,30.468749999999993,0,LOW,High,True
IMG_7475[1] - Viren Viren.JPG,5.19,10750.0,13.437499999999996,30,MODERATE,Immediate,True
IMG_7478[1] - Viren Viren.JPG,5.28,12562.0,15.703124999999998,30,MODERATE,Immediate,True
IMG_7481[1] - Viren Viren.JPG,1.46,0.0,0.0,85,CRITICAL,Immediate,True
IMG_7484[1] - Viren Viren.JPG,1.39,0.0,0.0,100,CRITICAL,Immediate,True
IMG_7487[2] - Viren Viren.JPG,1.33,0.0,0.0,85,CRITICAL,Immediate,True
IMG_7490[1] - Viren Viren.JPG,1.2,0.0,0.0,85,CRITICAL,Immediate,True
IMG_7493[1] - Viren Viren.JPG,1.96,0.0,0.0,85,CRITICAL,Immediate,True
IMG_7496[1] - Viren Viren.JPG,4.21,667.0,0.8333333333333317,50,MODERATE,Immediate,True
IMG_7499[2] - Viren Viren.JPG,1.54,0.0,0.0,85,CRITICAL,Immediate,True
IMG_7502[1] - Viren Viren.JPG,1.18,0.0,0.0,85,CRITICAL,Immediate,True
IMG_7509[1] - Viren Viren.JPG,5.58,18583.0,23.22916666666666,0,LOW,High,True
IMG_7512[1] - 25cp08 tyre.JPG,5.55,17917.0,22.39583333333333,0,LOW,High,True
IMG_7515[1] - Viren Viren.JPG,5.84,23833.0,29.79166666666666,0,LOW,High,True
IMG_7518[1] - 25cp08 tyre.JPG,4.33,3292.0,4.114583333333331,50,MODERATE,Immediate,True
IMG_7524 - Ubaid Elahi Baba.jpeg,5.4,14958.0,18.697916666666668,30,MODERATE,Immediate,True
IMG_7527 - Ubaid Elahi Baba.jpeg,5.48,16542.0,20.677083333333332,30,MODERATE,High,True
IMG_7530 - Ubaid Elahi Baba.jpeg,5.03,7542.0,9.427083333333329,30,MODERATE,Immediate,True
IMG_7533 - Ubaid Elahi Baba.jpeg,4.13,5667.0,7.08333333333333,50,MODERATE,Immediate,True
IMG_7536 - Ubaid Elahi Baba.jpeg,5.64,19708.0,24.63541666666666,0,LOW,High,True
IMG_7539 - Ubaid Elahi Baba.jpeg,5.56,18208.0,22.760416666666664,0,LOW,High,True
IMG_7542 - Ubaid Elahi Baba.jpeg,4.0,3042.0,3.8020833333333344,50,MODERATE,Immediate,True
IMG_7546 - Ubaid Elahi Baba.jpeg,3.55,1750.0,2.1874999999999987,70,HIGH,Immediate,True
IMG_7549 - Ubaid Elahi Baba.jpeg,1.76,0.0,0.0,100,CRITICAL,Immediate,True
IMG_7552 - Ubaid Elahi Baba.jpeg,4.26,1583.0,1.9791666666666639,50,MODERATE,Immediate,True
IMG_7555 - Ubaid Elahi Baba.jpeg,4.8,13542.0,16.927083333333336,50,MODERATE,Immediate,True
IMG_7558 - Ubaid Elahi Baba.jpeg,1.79,0.0,0.0,85,CRITICAL,Immediate,True
IMG_7561 - Ubaid Elahi Baba.jpeg,4.52,13458.0,16.822916666666675,50,MODERATE,Immediate,True
IMG_7561[1] - Viren Viren.JPG,4.6,15000.0,18.749999999999993,50,MODERATE,Immediate,True
IMG_7564[1] - Viren Viren.JPG,4.19,6781.0,8.4765625,50,MODERATE,Immediate,True
IMG_7567[1] - Viren Viren.JPG,4.91,5281.0,6.601562499999998,30,MODERATE,Immediate,True
IMG_7570[1] - Viren Viren.JPG,6.12,29458.0,36.822916666666664,0,LOW,High,True
IMG_7573[1] - Viren Viren.JPG,5.16,26167.0,32.70833333333333,20,LOW,High,True
IMG_7576[1] - Viren Viren.JPG,6.08,28583.0,35.729166666666664,0,LOW,High,True
IMG_7579[1] - Viren Viren.JPG,6.12,29417.0,36.77083333333332,0,LOW,High,True
IMG_7582[1] - Viren Viren.JPG,4.74,1781.0,2.226562499999998,30,MODERATE,Immediate,True
IMG_7585[1] - Viren Viren.JPG,3.92,1406.0,1.7578124999999973,50,MODERATE,Immediate,True
IMG_7588[1] - Viren Viren.JPG,1.61,0.0,0.0,85,CRITICAL,Immediate,True
IMG_7591[1] - Viren Viren.JPG,1.72,0.0,0.0,85,CRITICAL,Immediate,True
IMG_7594[1] - Viren Viren.JPG,5.86,24250.0,30.312499999999996,0,LOW,High,True
IMG_7597[1] - Viren Viren.JPG,5.92,25437.0,31.796874999999993,0,LOW,High,True
IMG_7600[1] - Viren Viren.JPG,5.87,24344.0,30.429687500000004,0,LOW,High,True
IMG_7603[1] - Viren Viren.JPG,5.22,19375.0,24.218749999999996,0,LOW,High,True
IMG_7879[1] - Viren Viren.JPG,1.76,0.0,0.0,100,CRITICAL,Immediate,True
IMG_7882[1] - Viren Viren.JPG,1.76,0.0,0.0,100,CRITICAL,Immediate,True
IMG_7885[1] - Viren Viren.JPG,3.47,208.0,0.2604166666666692,70,HIGH,Immediate,True
IMG_7888[1] - Viren Viren.JPG,3.73,5750.0,7.187499999999999,70,HIGH,Immediate,True
IMG_7891[1] - Viren Viren.JPG,4.57,14438.0,18.046875000000004,50,MODERATE,Immediate,True
IMG_7897[1] - Viren Viren.JPG,4.27,8344.0,10.4296875,50,MODERATE,Immediate,True
IMG_7900[1] - Viren Viren.JPG,5.03,7687.0,9.609374999999996,30,MODERATE,Immediate,True
IMG_7903[1] - Viren Viren.JPG,1.6,0.0,0.0,100,CRITICAL,Immediate,True
IMG_7906[1] - Viren Viren.JPG,1.6,0.0,0.0,100,CRITICAL,Immediate,True
IMG_7909[1] - Viren Viren.JPG,1.49,0.0,0.0,100,CRITICAL,Immediate,True
IMG_7912[1] - Viren Viren.JPG,4.21,500.0,0.6249999999999971,50,MODERATE,Immediate,True
IMG_7915[1] - Viren Viren.JPG,1.77,0.0,0.0,100,CRITICAL,Immediate,True
IMG_7918[1] - Viren Viren.JPG,4.38,4375.0,5.468749999999998,50,MODERATE,Immediate,True
IMG_7921[1] - Viren Viren.JPG,1.99,0.0,0.0,85,CRITICAL,Immediate,True
IMG_7924[1] - Viren Viren.JPG,4.79,2833.0,3.5416666666666687,30,MODERATE,Immediate,True
IMG_7927[1] - Viren Viren.JPG,4.57,14458.0,18.072916666666675,50,MODERATE,Immediate,True
IMG_7930[1] - Viren Viren.JPG,4.83,19667.0,24.583333333333332,20,LOW,High,True
IMG_7933[1] - Viren Viren.JPG,4.93,5583.0,6.979166666666668,30,MODERATE,Immediate,True
IMG_7936[1] - Viren Viren.JPG,5.4,15000.0,18.750000000000004,30,MODERATE,Immediate,True
IMG_7939[1] - Viren Viren.JPG,4.44,11750.0,14.687500000000005,50,MODERATE,Immediate,True
IMG_7942[1] - Viren Viren.JPG,5.14,9875.0,12.34375,30,MODERATE,Immediate,True
IMG_7945[1] - Viren Viren.JPG,5.12,9500.0,11.874999999999996,30,MODERATE,Immediate,True
IMG_7948[1] - Viren Viren.JPG,5.22,11458.0,14.322916666666657,30,MODERATE,Immediate,True
IMG_7951[1] - Viren Viren.JPG,1.64,0.0,0.0,100,CRITICAL,Immediate,True
IMG_7954[1] - Viren Viren.JPG,1.52,0.0,0.0,100,CRITICAL,Immediate,True
IMG_7957[1] - Viren Viren.JPG,5.25,12083.0,15.104166666666668,30,MODERATE,Immediate,True
IMG_7960[1] - Viren Viren.JPG,4.51,13292.0,16.614583333333336,50,MODERATE,Immediate,True
IMG_8169[1] - Viren Viren.JPG,5.8,23062.0,28.828125,0,LOW,High,True
IMG_8172[1] - Viren Viren.JPG,5.81,23250.0,29.062499999999996,0,LOW,High,True
IMG_8175[1] - Viren Viren.JPG,5.84,23844.0,29.804687499999993,0,LOW,High,True
IMG_8178[1] - Viren Viren.JPG,4.58,6625.0,8.281249999999996,30,MODERATE,Immediate,True
IMG_8181[1] - Viren Viren.JPG,4.47,12312.0,15.390624999999996,50,MODERATE,Immediate,True
IMG_8187[1] - Viren Viren.JPG,4.91,13156.0,16.445312499999996,30,MODERATE,Immediate,True
IMG_8197[1] - Viren Viren.JPG,1.7,0.0,0.0,85,CRITICAL,Immediate,True
IMG_8200[1] - Viren Viren.JPG,4.98,6625.0,8.281249999999996,30,MODERATE,Immediate,True
IMG_8203[1] - Viren Viren.JPG,5.47,16375.0,20.46875,30,MODERATE,High,True
IMG_8207[1] - Viren Viren.JPG,4.67,375.0,0.46875000000000044,30,MODERATE,Immediate,True
IMG_8210[1] - Viren Viren.JPG,3.84,8469.0,10.585937499999996,70,HIGH,Immediate,True
IMG_8214[1] - Viren Viren.JPG,1.52,0.0,0.0,100,CRITICAL,Immediate,True
IMG_8217[1] - Viren Viren.JPG,5.08,19719.0,24.6484375,20,LOW,High,True
IMG_8221[1] - Viren Viren.JPG,5.56,18187.0,22.734374999999993,0,LOW,High,True
IMG_8224[1] - Viren Viren.JPG,5.43,15562.0,19.453125,30,MODERATE,Immediate,True
IMG_8227[1] - Viren Viren.JPG,5.42,15312.0,19.140624999999993,30,MODERATE,Immediate,True
IMG_8231[1] - Viren Viren.JPG,4.72,17500.0,21.874999999999996,20,LOW,High,True
IMG_8234[1] - Viren Viren.JPG,5.14,9844.0,12.304687500000002,30,MODERATE,Immediate,True
IMG_8237[1] - Viren Viren.JPG,5.12,9406.0,11.7578125,30,MODERATE,Immediate,True
IMG_8240[1] - Viren Viren.JPG,4.41,11250.0,14.062500000000005,50,MODERATE,Immediate,True
IMG_8243[1] - Viren Viren.JPG,5.2,11000.0,13.749999999999998,30,MODERATE,Immediate,True
IMG_8246[1] - Viren Viren.JPG,4.71,1281.0,1.6015625000000004,30,MODERATE,Immediate,True
IMG_8250[1] - Viren Viren.JPG,1.92,0.0,0.0,85,CRITICAL,Immediate,True
IMG_8253[1] - Viren Viren.JPG,1.88,0.0,0.0,85,CRITICAL,Immediate,True
IMG_8277[1] - Viren Viren.JPG,5.69,20708.0,25.88541666666666,0,LOW,High,True
IMG_8280[1] - Viren Viren.JPG,1.74,0.0,0.0,85,CRITICAL,Immediate,True
IMG_8283[1] - Viren Viren.JPG,1.56,0.0,0.0,85,CRITICAL,Immediate,True
IMG_8286[1] - Viren Viren.JPG,1.77,0.0,0.0,85,CRITICAL,Immediate,True
IMG_8289[1] - Viren Viren.JPG,1.55,0.0,0.0,100,CRITICAL,Immediate,True
IMG_8292[1] - Viren Viren.JPG,1.59,0.0,0.0,100,CRITICAL,Immediate,True
IMG_8295[1] - Viren Viren.JPG,4.43,5333.0,6.666666666666668,50,MODERATE,Immediate,True
IMG_8298[1] - Viren Viren.JPG,5.84,23792.0,29.739583333333336,0,LOW,High,True
IMG_8301[1] - Viren Viren.JPG,5.26,12250.0,15.312499999999993,30,MODERATE,Immediate,True
IMG_8304[1] - Viren Viren.JPG,5.67,20333.0,25.41666666666666,0,LOW,High,True
IMG_8307[1] - Viren Viren.JPG,4.91,16250.0,20.312499999999996,50,MODERATE,High,True
IMG_8310[1] - Viren Viren.JPG,5.72,21417.0,26.77083333333333,0,LOW,High,True
IMG_8313[1] - Viren Viren.JPG,1.75,0.0,0.0,100,CRITICAL,Immediate,True
IMG_8316[1] - Viren Viren.JPG,4.24,1292.0,1.614583333333329,50,MODERATE,Immediate,True
IMG_8319[1] - Viren Viren.JPG,5.69,20833.0,26.041666666666668,0,LOW,High,True
IMG_8322[1] - Viren Viren.JPG,5.86,24125.0,30.156249999999996,0,LOW,High,True
IMG_8325[1] - Viren Viren.JPG,1.72,0.0,0.0,100,CRITICAL,Immediate,True
IMG_8328[1] - Viren Viren.JPG,1.73,0.0,0.0,100,CRITICAL,Immediate,True
IMG_8372[1] - Viren Viren.JPG,5.65,20031.0,25.039062499999993,0,LOW,High,True
IMG_8375[1] - Viren Viren.JPG,5.38,14656.0,18.320312499999996,30,MODERATE,Immediate,True
IMG_8381[1] - Viren Viren.JPG,4.41,11188.0,13.984374999999998,50,MODERATE,Immediate,True
IMG_8384[1] - Viren Viren.JPG,4.82,11312.0,14.140624999999996,30,MODERATE,Immediate,True
IMG_8387[1] - Viren Viren.JPG,4.73,9656.0,12.0703125,30,MODERATE,Immediate,True
IMG_8394[1] - Viren Viren.JPG,4.82,3500.0,4.375,30,MODERATE,Immediate,True
IMG_8397[1] - Viren Viren.JPG,4.68,542.0,0.6770833333333316,30,MODERATE,Immediate,True
IMG_8400[1] - Viren Viren.JPG,1.97,0.0,0.0,85,CRITICAL,Immediate,True
IMG_8403[1] - Viren Viren.JPG,5.24,11875.0,14.843750000000004,30,MODERATE,Immediate,True
IMG_8406[1] - Viren Viren.JPG,5.13,17656.0,22.0703125,0,LOW,High,True
IMG_8409[1] - Viren Viren.JPG,5.75,21969.0,27.460937499999993,0,LOW,High,True
IMG_8412[1] - Viren Viren.JPG,4.53,13500.0,16.874999999999993,50,MODERATE,Immediate,True
IMG_8415[1] - Viren Viren.JPG,4.82,19500.0,24.375,20,LOW,High,True
IMG_8418[1] - Viren Viren.JPG,5.85,24042.0,30.05208333333333,0,LOW,High,True
IMG_8421[1] - Viren Viren.JPG,5.57,18417.0,23.020833333333325,0,LOW,High,True
IMG_8424[1] - Viren Viren.JPG,5.67,20375.0,25.468749999999996,0,LOW,High,True
IMG_8427[1] - Viren Viren.JPG,1.48,0.0,0.0,85,CRITICAL,Immediate,True
IMG_8430[1] - Viren Viren.JPG,5.02,7375.0,9.218749999999998,30,MODERATE,Immediate,True
IMG_8433[1] - Viren Viren.JPG,4.61,7125.0,8.906249999999998,30,MODERATE,Immediate,True
IMG_8436[1] - Viren Viren.JPG,5.72,21500.0,26.875,0,LOW,High,True
IMG_8439[1] - Viren Viren.JPG,4.87,20375.0,25.468749999999996,20,LOW,High,True
IMG_8442[1] - Viren Viren.JPG,5.91,25167.0,31.45833333333333,0,LOW,High,True
IMG_8445[1] - Viren Viren.JPG,5.57,18375.0,22.96875,0,LOW,High,True
IMG_8448[1] - Viren Viren.JPG,5.74,21833.0,27.291666666666657,0,LOW,High,True
IMG_8451[1] - Viren Viren.JPG,5.57,18333.0,22.91666666666666,0,LOW,High,True
IMG_8454[1] - Viren Viren.JPG,5.7,21083.0,26.35416666666666,0,LOW,High,True
IMG_8458[1] - Viren Viren.JPG,5.59,18875.0,23.593749999999996,0,LOW,High,True
IMG_8461[1] - Viren Viren.JPG,4.95,6094.0,7.617187499999997,30,MODERATE,Immediate,True
IMG_8464[1] - Viren Viren.JPG,4.9,5000.0,6.249999999999998,30,MODERATE,Immediate,True
IMG_8467[1] - Viren Viren.JPG,4.85,19906.0,24.882812499999996,20,LOW,High,True
IMG_8469[1] - Viren Viren.JPG,5.28,12625.0,15.781249999999996,30,MODERATE,Immediate,True
IMG_8472[1] - Viren Viren.JPG,5.48,16562.0,20.703124999999993,30,MODERATE,High,True
IMG_8476[1] - Viren Viren.JPG,5.41,15219.0,19.023437500000004,30,MODERATE,Immediate,True
IMG_8479[1] - Viren Viren.JPG,5.65,19906.0,24.882812499999996,0,LOW,High,True
IMG_8482[1] - Viren Viren.JPG,5.0,7000.0,8.749999999999995,30,MODERATE,Immediate,True
IMG_8485[1] - Viren Viren.JPG,5.31,13187.0,16.484374999999996,30,MODERATE,Immediate,True
IMG_8489[1] - Viren Viren.JPG,4.93,5531.0,6.914062500000005,30,MODERATE,Immediate,True
IMG_8491[1] - Viren Viren.JPG,5.64,19750.0,24.687499999999993,0,LOW,High,True
IMG_8494[1] - Viren Viren.JPG,4.73,19562.0,24.453124999999996,20,LOW,High,True
IMG_8497[1] - Viren Viren.JPG,4.53,13531.0,16.9140625,50,MODERATE,Immediate,True
IMG_8500[1] - Viren Viren.JPG,5.53,17625.0,22.031249999999993,0,LOW,High,True
IMG_8826 - Viren Viren.JPG,1.59,0.0,0.0,100,CRITICAL,Immediate,True
IMG_8829 - Viren Viren.JPG,5.19,26875.0,33.59374999999999,20,LOW,High,True
IMG_8832 - Viren Viren.JPG,7.47,35333.0,44.166666666666664,0,LOW,Medium,False
IMG_8835[1] - Viren Viren.JPG,4.55,8219.0,10.273437499999996,50,MODERATE,Immediate,True
IMG_8838 - Viren Viren.JPG,4.96,20208.0,25.260416666666664,20,LOW,High,True
IMG_8841 - Viren Viren.JPG,6.86,39250.0,49.062499999999986,20,LOW,Medium,False
IMG_8844[1] - Viren Viren.JPG,5.82,23312.0,29.140624999999993,0,LOW,High,True
IMG_8847 - Viren Viren.JPG,6.86,39125.0,48.90624999999999,20,LOW,Medium,False
IMG_8850 - Viren Viren.JPG,4.7,16969.0,21.21093749999999,50,MODERATE,High,True
IMG_8853 - Viren Viren.JPG,6.54,39417.0,49.27083333333332,20,LOW,Medium,False
IMG_8856 - Viren Viren.JPG,8.53,56542.0,70.67708333333333,0,LOW,Low,False
IMG_8859[1] - Viren Viren.JPG,4.96,20125.0,25.156249999999993,20,LOW,High,True
IMG_8862 - Viren Viren.JPG,5.06,22292.0,27.864583333333332,20,LOW,High,True
IMG_8865 - Viren Viren.JPG,8.56,57167.0,71.45833333333334,0,LOW,Low,False
IMG_8868 - Viren Viren.JPG,6.84,38708.0,48.38541666666666,20,LOW,Medium,False
IMG_8871 - Viren Viren.JPG,9.28,71625.0,89.53124999999997,0,LOW,Low,False
IMG_8874 - Viren Viren.JPG,8.83,70583.0,88.22916666666666,0,LOW,Low,False
IMG_8877 - Viren Viren.JPG,8.65,75000.0,93.75,20,LOW,Low,False
IMG_8880 - Viren Viren.JPG,8.11,56187.0,70.23437499999999,0,LOW,Low,False
IMG_8884 - Viren Viren.JPG,8.67,67469.0,84.33593749999999,0,LOW,Low,False
IMG_8887 - Viren Viren.JPG,8.3,68062.0,85.078125,20,LOW,Low,False
IMG_8890 - Viren Viren.JPG,8.46,71281.0,89.10156250000001,20,LOW,Low,False
IMG_8893 - Viren Viren.JPG,9.22,70344.0,87.92968749999999,0,LOW,Low,False
IMG_8896 - Viren Viren.JPG,8.64,66812.0,83.515625,0,LOW,Low,False
IMG_8899 - Viren Viren.JPG,9.2,70031.0,87.53906250000001,0,LOW,Low,False
IMG_8903 - Viren Viren.JPG,9.16,69156.0,86.44531249999999,0,LOW,Low,False
IMG_8906 - Viren Viren.JPG,8.11,64250.0,80.31250000000001,20,LOW,Low,False
IMG_8909 - Viren Viren.JPG,9.24,70781.0,88.47656249999999,0,LOW,Low,False
IMG_8912 - Viren Viren.JPG,8.25,67031.0,83.78906250000001,20,LOW,Low,False
IMG_8916 - Viren Viren.JPG,9.02,66312.0,82.890625,0,LOW,Low,False
IMG_8919 - Viren Viren.JPG,9.21,70125.0,87.65624999999999,0,LOW,Low,False
IMG_8781 - Viren Viren.JPG,8.87,63458.0,79.32291666666666,0,LOW,Low,False
IMG_8784 - Viren Viren.JPG,9.6,77958.0,97.44791666666666,0,LOW,Low,False
IMG_8787 - Viren Viren.JPG,7.92,60333.0,75.41666666666666,20,LOW,Low,False
IMG_8790 - Viren Viren.JPG,7.74,48750.0,60.9375,0,LOW,Medium,False
IMG_8793 - Viren Viren.JPG,7.73,48594.0,60.742187499999986,0,LOW,Medium,False
IMG_8796 - Viren Viren.JPG,4.72,9417.0,11.770833333333334,30,MODERATE,Immediate,True
IMG_8799 - Viren Viren.JPG,7.78,49531.0,61.9140625,0,LOW,Medium,False
IMG_8802 - Viren Viren.JPG,8.09,55844.0,69.80468749999999,0,LOW,Medium,False
IMG_8805 - Viren Viren.JPG,4.34,9833.0,12.291666666666666,50,MODERATE,Immediate,True
IMG_8808 - Viren Viren.JPG,5.56,18250.0,22.8125,0,LOW,High,True
IMG_8811 - Viren Viren.JPG,5.44,15875.0,19.843749999999993,30,MODERATE,Immediate,True
IMG_8814 - Viren Viren.JPG,7.24,46708.0,58.38541666666666,20,LOW,Medium,False
IMG_8817 - Viren Viren.JPG,3.55,1792.0,2.2395833333333295,70,HIGH,Immediate,True
IMG_8820 - Viren Viren.JPG,7.4,50083.0,62.60416666666665,20,LOW,Medium,False
IMG_8939 - Viren Viren.JPG,7.27,31469.0,39.33593749999999,0,LOW,High,True
IMG_8942 - Viren Viren.JPG,6.52,32406.0,40.50781249999999,20,LOW,Medium,False
IMG_8945 - Viren Viren.JPG,7.28,31594.0,39.4921875,0,LOW,High,True
IMG_8948 - Viren Viren.JPG,6.66,35125.0,43.90625,20,LOW,Medium,False
IMG_8951 - Viren Viren.JPG,8.5,56000.0,70.0,0,LOW,Medium,False
IMG_8954 - Viren Viren.JPG,8.29,59708.0,74.63541666666664,0,LOW,Low,False
IMG_8957 - Viren Viren.JPG,7.85,58958.0,73.69791666666666,20,LOW,Low,False
IMG_8960 - Viren Viren.JPG,8.63,58583.0,73.22916666666664,0,LOW,Low,False
IMG_8963 - Viren Viren.JPG,4.99,22844.0,28.554687499999996,20,LOW,High,True
IMG_8966 - Viren Viren.JPG,8.23,50531.0,63.16406250000001,0,LOW,Medium,False
IMG_8969 - Viren Viren.JPG,7.18,45531.0,56.91406249999999,20,LOW,Medium,False
IMG_8972 - Viren Viren.JPG,5.86,24156.0,30.1953125,0,LOW,High,True
IMG_8975 - Viren Viren.JPG,8.1,48042.0,60.05208333333334,0,LOW,Medium,False
IMG_8978 - Viren Viren.JPG,8.5,56083.0,70.10416666666666,0,LOW,Low,False
IMG_8981 - Viren Viren.JPG,8.43,54542.0,68.17708333333333,0,LOW,Medium,False
IMG_8984 - Viren Viren.JPG,7.5,52000.0,65.0,20,LOW,Medium,False
IMG_8987 - Viren Viren.JPG,7.46,49250.0,61.5625,20,LOW,Medium,False
IMG_8990 - Viren Viren.JPG,3.99,3542.0,4.427083333333335,50,MODERATE,Immediate,True
IMG_8993 - Viren Viren.JPG,6.49,30167.0,37.70833333333332,20,LOW,High,True
IMG_8996 - Viren Viren.JPG,8.49,55719.0,69.6484375,0,LOW,Medium,False
IMG_8999 - Viren Viren.JPG,7.2,38062.0,47.57812500000001,0,LOW,Medium,False
IMG_9003 - Viren Viren.JPG,7.26,39219.0,49.02343749999999,0,LOW,Medium,False
IMG_9006 - Viren Viren.JPG,7.35,40969.0,51.210937499999986,0,LOW,Medium,False
IMG_9009 - Viren Viren.JPG,6.92,40312.0,50.390625,20,LOW,Medium,False
IMG_9012 - Viren Viren.JPG,7.54,44812.0,56.015625,0,LOW,Medium,False
IMG_9015 - Viren Viren.JPG,7.6,46000.0,57.49999999999999,0,LOW,Medium,False
IMG_9018 - Viren Viren.JPG,7.87,51375.0,64.21874999999999,0,LOW,Medium,False
IMG_9021 - Viren Viren.JPG,5.75,22000.0,27.499999999999996,0,LOW,High,True
IMG_9024 - Viren Viren.JPG,5.7,21083.0,26.354166666666668,0,LOW,High,True
IMG_9027 - Viren Viren.JPG,4.51,11208.0,14.010416666666664,50,MODERATE,Immediate,True
IMG_9030 - Viren Viren.JPG,7.89,43708.0,54.63541666666666,0,LOW,Medium,False
IMG_9033 - Viren Viren.JPG,6.8,37958.0,47.447916666666664,20,LOW,Medium,False
IMG_9036 - Viren Viren.JPG,7.84,42833.0,53.54166666666668,0,LOW,Medium,False
IMG_9039 - Viren Viren.JPG,7.76,41125.0,51.40625000000001,0,LOW,Medium,False
IMG_9042 - Viren Viren.JPG,8.31,60187.0,75.23437499999999,0,LOW,Low,False
IMG_9045 - Viren Viren.JPG,8.39,61750.0,77.18749999999999,0,LOW,Low,False
IMG_9048 - Viren Viren.JPG,8.7,68094.0,85.11718749999999,0,LOW,Low,False
IMG_9051 - Viren Viren.JPG,8.65,66906.0,83.63281250000001,0,LOW,Low,False
IMG_9054 - Viren Viren.JPG,6.05,28094.0,35.1171875,0,LOW,High,True
IMG_9057 - Viren Viren.JPG,5.2,19062.0,23.828124999999996,0,LOW,High,True
IMG_9060 - Viren Viren.JPG,6.08,28625.0,35.78124999999999,0,LOW,High,True
IMG_9063 - Viren Viren.JPG,7.4,34000.0,42.5,0,LOW,Medium,False
IMG_9066 - Viren Viren.JPG,8.3,67969.0,84.9609375,20,LOW,Low,False
IMG_9069 - Viren Viren.JPG,8.93,64656.0,80.82031249999999,0,LOW,Low,False
IMG_9072 - Viren Viren.JPG,8.22,66469.0,83.0859375,20,LOW,Low,False
IMG_9075 - Viren Viren.JPG,8.21,58281.0,72.85156249999999,0,LOW,Low,False
IMG_9079 - Viren Viren.JPG,4.99,22875.0,28.59374999999999,20,LOW,High,True
IMG_9084 - Viren Viren.JPG,5.33,13625.0,17.031249999999996,30,MODERATE,Immediate,True
IMG_9087 - Viren Viren.JPG,5.39,26708.0,33.385416666666664,20,LOW,High,True
IMG_9090 - Viren Viren.JPG,6.67,35458.0,44.322916666666664,20,LOW,Medium,False
IMG_9094 - Viren Viren.JPG,1.21,0.0,0.0,85,CRITICAL,Immediate,True
IMG_9097 - Viren Viren.JPG,6.05,27958.0,34.947916666666664,0,LOW,High,True
IMG_9101 - Viren Viren.JPG,8.23,50625.0,63.28124999999998,0,LOW,Medium,False
IMG_9104 - Viren Viren.JPG,8.23,50625.0,63.28124999999998,0,LOW,Medium,False
IMG_9107 - Viren Viren.JPG,8.13,48667.0,60.83333333333333,0,LOW,Medium,False
IMG_9110 - Viren Viren.JPG,4.64,18188.0,22.734375,20,LOW,High,True
IMG_9113 - Viren Viren.JPG,1.59,0.0,0.0,100,CRITICAL,Immediate,True
IMG_9116 - Viren Viren.JPG,6.85,38125.0,47.65625,20,LOW,Medium,False
IMG_9119 - Viren Viren.JPG,6.98,41583.0,51.979166666666664,20,LOW,Medium,False
IMG_9123 - Viren Viren.JPG,7.15,45000.0,56.25,20,LOW,Medium,False
IMG_9126 - Viren Viren.JPG,7.25,47083.0,58.85416666666667,20,LOW,Medium,False
IMG_9129 - Viren Viren.JPG,8.3,52000.0,65.0,0,LOW,Medium,False
IMG_9132 - Viren Viren.JPG,6.85,30958.0,38.69791666666667,0,LOW,High,True
IMG_9135 - Viren Viren.JPG,6.64,34750.0,43.43749999999999,20,LOW,Medium,False
IMG_9138 - Viren Viren.JPG,7.34,40875.0,51.09374999999999,0,LOW,Medium,False
IMG_9200 - Viren Viren.JPG,5.33,27656.0,34.57031249999999,20,LOW,High,True
IMG_9301 - Viren Viren.JPG,7.74,48750.0,60.9375,0,LOW,Medium,False
IMG_9304 - Viren Viren.JPG,1.37,0.0,0.0,100,CRITICAL,Immediate,True
IMG_9307 - Viren Viren.JPG,1.26,0.0,0.0,100,CRITICAL,Immediate,True
IMG_9310 - Viren Viren.JPG,8.61,66125.0,82.65625000000001,0,LOW,Low,False
IMG_9314 - Viren Viren.JPG,8.77,61344.0,76.67968749999999,0,LOW,Low,False
IMG_9317 - Viren Viren.JPG,8.71,68125.0,85.15624999999999,0,LOW,Low,False
IMG_9320 - Viren Viren.JPG,8.59,65812.0,82.26562500000001,0,LOW,Low,False
IMG_9323 - Viren Viren.JPG,8.5,72000.0,89.99999999999999,20,LOW,Low,False
IMG_9326[1] - Viren Viren.JPG,8.59,65875.0,82.34375,0,LOW,Low,False
IMG_9329 - Viren Viren.JPG,8.48,63562.0,79.45312499999999,0,LOW,Low,False
IMG_9332 - Viren Viren.JPG,5.51,25125.0,31.406250000000004,0,LOW,High,True
IMG_9335 - Viren Viren.JPG,6.42,30312.0,37.890625,20,LOW,High,True
IMG_9344 - Viren Viren.JPG,5.7,21031.0,26.2890625,0,LOW,High,True
IMG_9347 - Viren Viren.JPG,5.13,25562.0,31.95312499999999,20,LOW,High,True
IMG_9350 - Viren Viren.JPG,5.79,22812.0,28.515624999999993,0,LOW,High,True
IMG_9353 - Viren Viren.JPG,5.66,20281.0,25.351562499999993,0,LOW,High,True
IMG_9356 - Viren Viren.JPG,4.88,20531.0,25.66406249999999,20,LOW,High,True
IMG_9359 - Viren Viren.JPG,7.44,34708.0,43.385416666666664,0,LOW,Medium,False
IMG_9362 - Viren Viren.JPG,7.12,44500.0,55.625,20,LOW,Medium,False
IMG_9365 - Viren Viren.JPG,7.25,31083.0,38.854166666666664,0,LOW,High,True
IMG_9368 - Viren Viren.JPG,7.72,40333.0,50.416666666666664,0,LOW,Medium,False
IMG_9371 - Viren Viren.JPG,5.01,23281.0,29.101562499999993,20,LOW,High,True
IMG_9374 - Viren Viren.JPG,6.75,37062.0,46.328124999999986,20,LOW,Medium,False
IMG_9377 - Viren Viren.JPG,7.43,42594.0,53.24218750000001,0,LOW,Medium,False
IMG_9380 - Viren Viren.JPG,6.49,31750.0,39.6875,20,LOW,High,True
IMG_9383 - Viren Viren.JPG,7.24,46875.0,58.59374999999998,20,LOW,Medium,False
IMG_9386 - Viren Viren.JPG,7.02,42333.0,52.916666666666664,20,LOW,Medium,False
IMG_9389 - Viren Viren.JPG,7.38,49583.0,61.97916666666667,20,LOW,Medium,False
IMG_9392 - Viren Viren.JPG,7.56,37125.0,46.40625,0,LOW,Medium,False
IMG_9395 - Viren Viren.JPG,5.05,8000.0,10.000000000000002,30,MODERATE,Immediate,True
IMG_9398 - Viren Viren.JPG,4.66,8292.0,10.36458333333333,30,MODERATE,Immediate,True
IMG_9404 - Viren Viren.JPG,5.25,11917.0,14.89583333333333,30,MODERATE,Immediate,True
IMG_9407 - Viren Viren.JPG,4.84,19792.0,24.739583333333336,20,LOW,High,True
IMG_9410 - Viren Viren.JPG,4.7,16917.0,21.14583333333333,50,MODERATE,High,True
IMG_9413 - Viren Viren.JPG,9.3,71906.0,89.88281249999999,0,LOW,Low,False
IMG_9416 - Viren Viren.JPG,8.25,67062.0,83.828125,20,LOW,Low,False
IMG_9419 - Viren Viren.JPG,4.67,10833.0,13.541666666666666,50,MODERATE,Immediate,True
IMG_9423 - Viren Viren.JPG,6.68,34375.0,42.96875000000001,20,LOW,Medium,False
IMG_9426 - Viren Viren.JPG,8.18,49667.0,62.08333333333332,0,LOW,Medium,False
IMG_9429 - Viren Viren.JPG,7.59,45875.0,57.34375000000001,0,LOW,Medium,False
IMG_9433 - Shubham Chodankar.JPG,4.42,3333.0,4.1666666666666625,30,MODERATE,Immediate,True
IMG_9498 - Ubaid Elahi Baba.JPG,8.81,62167.0,77.70833333333333,0,LOW,Low,False
IMG_9628 - Ubaid Elahi Baba.JPG,9.36,73292.0,91.61458333333333,0,LOW,Low,False
IMG_9631 - Ubaid Elahi Baba.JPG,5.7,20958.0,26.197916666666664,0,LOW,High,True
IMG_9634 - Ubaid Elahi Baba.JPG,4.99,22812.0,28.515624999999993,20,LOW,High,True
IMG_9637 - Ubaid Elahi Baba.JPG,5.09,16750.0,20.937499999999996,30,MODERATE,High,True
IMG_9640 - Ubaid Elahi Baba.JPG,5.89,24833.0,31.04166666666666,0,LOW,High,True
IMG_9643 - Ubaid Elahi Baba.JPG,5.74,21833.0,27.291666666666657,0,LOW,High,True
IMG_9646 - Ubaid Elahi Baba.JPG,7.27,39469.0,49.3359375,0,LOW,Medium,False
IMG_9649 - Ubaid Elahi Baba.JPG,8.33,60625.0,75.78125000000003,0,LOW,Low,False
IMG_9652 - Ubaid Elahi Baba.JPG,4.2,7062.0,8.828125,50,MODERATE,Immediate,True
IMG_9655 - Ubaid Elahi Baba.JPG,5.48,16625.0,20.78125,30,MODERATE,High,True
IMG_9658 - Ubaid Elahi Baba.JPG,7.71,56208.0,70.26041666666666,20,LOW,Low,False
IMG_9662 - Ubaid Elahi Baba.JPG,7.39,49875.0,62.34375,20,LOW,Medium,False
IMG_9665 - Ubaid Elahi Baba.JPG,7.84,58875.0,73.59374999999999,20,LOW,Low,False
IMG_9668 - Ubaid Elahi Baba.JPG,8.83,62667.0,78.33333333333333,0,LOW,Low,False
IMG_9671 - Ubaid Elahi Baba.JPG,7.61,54167.0,67.70833333333334,20,LOW,Medium,False
IMG_9674 - Ubaid Elahi Baba.JPG,9.05,66958.0,83.69791666666667,0,LOW,Low,False
IMG_9677 - Ubaid Elahi Baba.JPG,8.2,50042.0,62.55208333333331,0,LOW,Medium,False
IMG_9680 - Ubaid Elahi Baba.JPG,7.76,41292.0,51.61458333333333,0,LOW,Medium,False
IMG_9683 - Ubaid Elahi Baba.JPG,7.65,39083.0,48.85416666666666,0,LOW,Medium,False
IMG_9686 - Ubaid Elahi Baba.JPG,7.73,54583.0,68.22916666666664,20,LOW,Medium,False
IMG_9689 - Ubaid Elahi Baba.JPG,8.07,47500.0,59.374999999999986,0,LOW,Medium,False
IMG_9692 - Ubaid Elahi Baba.JPG,5.31,29281.0,36.60156249999999,20,LOW,High,True
IMG_9695 - Ubaid Elahi Baba.JPG,8.17,49406.0,61.7578125,0,LOW,Medium,False
IMG_9698 - Ubaid Elahi Baba.JPG,8.1,47937.0,59.92187499999999,0,LOW,Medium,False
IMG_9701 - Ubaid Elahi Baba.JPG,8.13,56594.0,70.7421875,0,LOW,Low,False
IMG_9704 - Ubaid Elahi Baba.JPG,7.22,38344.0,47.9296875,0,LOW,Medium,False
IMG_9707 - Ubaid Elahi Baba.JPG,7.28,39594.0,49.49218749999999,0,LOW,Medium,False
IMG_9710 - Ubaid Elahi Baba.JPG,8.2,58094.0,72.61718749999999,0,LOW,Low,False
IMG_9713 - Ubaid Elahi Baba.JPG,5.87,24375.0,30.46875,0,LOW,High,True
IMG_9716 - Ubaid Elahi Baba.JPG,5.64,27750.0,34.68749999999999,0,LOW,High,True
IMG_9719 - Ubaid Elahi Baba.JPG,5.06,24250.0,30.312500000000004,20,LOW,High,True
IMG_9722 - Ubaid Elahi Baba.JPG,5.31,29167.0,36.45833333333333,20,LOW,High,True
IMG_9725 - Ubaid Elahi Baba.JPG,5.65,20083.0,25.104166666666668,0,LOW,High,True
IMG_9729 - Ubaid Elahi Baba.JPG,5.14,25833.0,32.291666666666664,20,LOW,High,True
IMG_9733 - Ubaid Elahi Baba.JPG,7.95,45083.0,56.35416666666667,0,LOW,Medium,False
IMG_9736 - Ubaid Elahi Baba.JPG,4.74,17833.0,22.291666666666668,20,LOW,High,True
IMG_9740 - Ubaid Elahi Baba.JPG,4.96,22250.0,27.8125,20,LOW,High,True
IMG_9744 - Ubaid Elahi Baba.JPG,5.76,22125.0,27.656249999999993,0,LOW,High,True
IMG_9747 - Ubaid Elahi Baba.JPG,5.59,18792.0,23.48958333333333,0,LOW,High,True
IMG_9750 - Ubaid Elahi Baba.JPG,4.53,13625.0,17.031249999999996,50,MODERATE,Immediate,True
IMG_9753 - Ubaid Elahi Baba.JPG,4.94,21875.0,27.34375,20,LOW,High,True
IMG_9492 - Ubaid Elahi Baba.JPG,5.22,27375.0,34.21875,20,LOW,High,True
IMG_9501 - Ubaid Elahi Baba.JPG,7.6,38000.0,47.49999999999999,0,LOW,Medium,False
IMG_9504 - Ubaid Elahi Baba.JPG,4.96,22125.0,27.656250000000004,20,LOW,High,True
IMG_9507 - Ubaid Elahi Baba.JPG,7.92,60500.0,75.625,20,LOW,Low,False
IMG_9510 - Ubaid Elahi Baba.JPG,6.95,41000.0,51.24999999999999,20,LOW,Medium,False
IMG_9513 - Ubaid Elahi Baba.JPG,8.75,61000.0,76.25,0,LOW,Low,False
IMG_9516 - Ubaid Elahi Baba.JPG,6.66,35208.0,44.01041666666667,20,LOW,Medium,False
IMG_9519 - Ubaid Elahi Baba.JPG,4.83,19562.0,24.453124999999996,20,LOW,High,True
IMG_9522 - Ubaid Elahi Baba.JPG,7.62,46312.0,57.89062499999999,0,LOW,Medium,False
IMG_9525 - Ubaid Elahi Baba.JPG,8.1,47969.0,59.9609375,0,LOW,Medium,False
IMG_9528 - Ubaid Elahi Baba.JPG,8.03,54656.0,68.32031249999999,0,LOW,Medium,False
IMG_9531 - Ubaid Elahi Baba.JPG,8.09,47708.0,59.635416666666664,0,LOW,Medium,False
IMG_9534 - Ubaid Elahi Baba.JPG,8.34,52875.0,66.09374999999997,0,LOW,Medium,False
IMG_9537 - Ubaid Elahi Baba.JPG,8.94,64833.0,81.04166666666664,0,LOW,Low,False
IMG_9544 - Ubaid Elahi Baba.JPG,7.26,47292.0,59.11458333333333,20,LOW,Medium,False
IMG_9547 - Ubaid Elahi Baba.JPG,8.21,66208.0,82.76041666666664,20,LOW,Low,False
IMG_9550 - Ubaid Elahi Baba.JPG,9.58,77542.0,96.92708333333333,0,LOW,Low,False
IMG_9553 - Ubaid Elahi Baba.JPG,9.63,78625.0,98.28125000000001,0,LOW,Low,False
IMG_9556 - Ubaid Elahi Baba.JPG,4.58,22792.0,28.48958333333333,40,MODERATE,High,True
IMG_9559 - Ubaid Elahi Baba.JPG,5.21,11125.0,13.90625,30,MODERATE,Immediate,True
IMG_9562 - Ubaid Elahi Baba.JPG,5.34,13708.0,17.135416666666668,30,MODERATE,Immediate,True
IMG_9565 - Ubaid Elahi Baba.JPG,1.23,0.0,0.0,85,CRITICAL,Immediate,True
IMG_9568 - Ubaid Elahi Baba.JPG,3.81,7625.0,9.531249999999998,70,HIGH,Immediate,True
IMG_9571 - Ubaid Elahi Baba.JPG,5.53,17531.0,21.914062499999996,0,LOW,High,True
IMG_9574 - Ubaid Elahi Baba.JPG,3.73,5781.0,7.226562499999998,70,HIGH,Immediate,True
IMG_9577 - Ubaid Elahi Baba.JPG,4.75,28583.0,35.729166666666664,40,MODERATE,High,True
IMG_9580 - Ubaid Elahi Baba.JPG,1.69,0.0,0.0,85,CRITICAL,Immediate,True
IMG_9583 - Ubaid Elahi Baba.JPG,1.64,0.0,0.0,85,CRITICAL,Immediate,True
IMG_9586 - Ubaid Elahi Baba.JPG,7.27,31438.0,39.296875,0,LOW,High,True
IMG_9589 - Ubaid Elahi Baba.JPG,8.9,64000.0,79.99999999999999,0,LOW,Low,False
IMG_9592 - Ubaid Elahi Baba.JPG,7.99,61708.0,77.13541666666664,20,LOW,Low,False
IMG_9595 - Ubaid Elahi Baba.JPG,1.85,0.0,0.0,85,CRITICAL,Immediate,True
IMG_9598 - Ubaid Elahi Baba.JPG,1.63,0.0,0.0,85,CRITICAL,Immediate,True
IMG_9601 - Ubaid Elahi Baba.JPG,1.68,0.0,0.0,85,CRITICAL,Immediate,True
IMG_9604 - Ubaid Elahi Baba.JPG,6.46,31292.0,39.11458333333333,20,LOW,High,True
IMG_9607 - Ubaid Elahi Baba.JPG,4.4,3000.0,3.7499999999999964,30,MODERATE,Immediate,True
IMG_9610 - Ubaid Elahi Baba.JPG,4.56,6250.0,7.8125,30,MODERATE,Immediate,True
IMG_9613 - Ubaid Elahi Baba.JPG,9.39,73750.0,92.1875,0,LOW,Low,False
IMG_9616 - Ubaid Elahi Baba.JPG,9.39,73792.0,92.23958333333331,0,LOW,Low,False
IMG_9619 - Ubaid Elahi Baba.JPG,9.55,76917.0,96.14583333333334,0,LOW,Low,False
IMG_9622 - Ubaid Elahi Baba.JPG,9.34,72833.0,91.04166666666666,0,LOW,Low,False
IMG_9847 - Viren Viren.JPG,7.68,39542.0,49.42708333333332,0,LOW,Medium,False
IMG_9850 - Viren Viren.JPG,8.36,53250.0,66.56249999999999,0,LOW,Medium,False
IMG_9853 - Viren Viren.JPG,8.29,51719.0,64.64843749999999,0,LOW,Medium,False
IMG_9856 - Viren Viren.JPG,7.21,46208.0,57.76041666666667,20,LOW,Medium,False
IMG_9859 - Viren Viren.JPG,7.42,50375.0,62.968749999999986,20,LOW,Medium,False
IMG_9862 - Viren Viren.JPG,8.04,46875.0,58.59375,0,LOW,Medium,False
IMG_9866 - Viren Viren.JPG,4.75,1958.0,2.4479166666666643,30,MODERATE,Immediate,True
IMG_9869 - Viren Viren.JPG,7.84,42750.0,53.43749999999999,0,LOW,Medium,False
IMG_9872 - Viren Viren.JPG,7.12,44333.0,55.41666666666666,20,LOW,Medium,False
IMG_9875 - Viren Viren.JPG,6.64,32708.0,40.88541666666668,20,LOW,Medium,False
IMG_9878 - Viren Viren.JPG,4.25,9469.0,11.835937499999998,50,MODERATE,Immediate,True
IMG_9882 - Viren Viren.JPG,4.87,23187.0,28.984374999999996,20,LOW,High,True
IMG_9885 - Viren Viren.JPG,3.51,1094.0,1.3671874999999987,70,HIGH,Immediate,True
IMG_9888 - Viren Viren.JPG,8.67,67406.0,84.2578125,0,LOW,Low,False
IMG_9891 - Viren Viren.JPG,8.96,73219.0,91.5234375,0,LOW,Low,False
IMG_9894 - Viren Viren.JPG,8.62,66500.0,83.125,0,LOW,Low,False
IMG_9897 - Viren Viren.JPG,8.81,70281.0,87.8515625,0,LOW,Low,False
IMG_9900 - Viren Viren.JPG,7.79,57750.0,72.18749999999999,20,LOW,Low,False
IMG_9903 - Viren Viren.JPG,8.17,65417.0,81.77083333333331,20,LOW,Low,False
IMG_9906 - Viren Viren.JPG,8.71,60250.0,75.31249999999997,0,LOW,Low,False
IMG_9910 - Viren Viren.JPG,4.84,11719.0,14.6484375,30,MODERATE,Immediate,True
IMG_9913 - Viren Viren.JPG,5.1,16969.0,21.2109375,30,MODERATE,High,True
IMG_9916 - Viren Viren.JPG,4.61,15187.0,18.984374999999996,50,MODERATE,Immediate,True
IMG_9919 - Viren Viren.JPG,5.27,20344.0,25.429687499999996,0,LOW,High,True
IMG_9923 - Viren Viren.JPG,5.64,27750.0,34.6875,0,LOW,High,True
IMG_9926 - Viren Viren.JPG,7.83,50656.0,63.3203125,0,LOW,Medium,False
IMG_9930 - Viren Viren.JPG,8.09,55875.0,69.84375,0,LOW,Medium,False
IMG_9934 - Viren Viren.JPG,5.71,29219.0,36.52343749999999,0,LOW,High,True
IMG_9938 - Viren Viren.JPG,9.38,73625.0,92.03125000000001,0,LOW,Low,False
IMG_9942 - Viren Viren.JPG,8.53,72531.0,90.6640625,20,LOW,Low,False
IMG_9946 - Viren Viren.JPG,9.27,79469.0,99.3359375,0,LOW,Low,False
IMG_9950 - Viren Viren.JPG,8.9,80000.0,100.0,20,LOW,Low,False
IMG_9954 - Viren Viren.JPG,6.45,30917.0,38.64583333333333,20,LOW,High,True
IMG_9957 - Viren Viren.JPG,5.3,28958.0,36.197916666666664,20,LOW,High,True
IMG_9960 - Viren Viren.JPG,5.14,25750.0,32.1875,20,LOW,High,True
IMG_9963 - Viren Viren.JPG,5.21,27167.0,33.95833333333333,20,LOW,High,True
IMG_9966 - Viren Viren.JPG,7.43,50531.0,63.16406250000001,20,LOW,Medium,False
IMG_9970 - Viren Viren.JPG,3.85,687.0,0.859374999999999,50,MODERATE,Immediate,True
IMG_9974 - Viren Viren.JPG,8.14,48875.0,61.09375,0,LOW,Medium,False
IMG_9977 - Viren Viren.JPG,7.74,48844.0,61.054687499999986,0,LOW,Medium,False
IMG_9980 - Viren Viren.JPG,8.07,63458.0,79.32291666666666,20,LOW,Low,False
IMG_9983 - Viren Viren.JPG,6.34,34812.0,43.51562499999999,20,LOW,Medium,False
IMG_9986 - Viren Viren.JPG,8.91,64250.0,80.31249999999997,0,LOW,Low,False
IMG_9989 - Viren Viren.JPG,9.32,72417.0,90.52083333333333,0,LOW,Low,False
IMG_9992 - Viren Viren.JPG,8.51,72250.0,90.31249999999999,20,LOW,Low,False
IMG_9995 - Viren Viren.JPG,8.6,58000.0,72.49999999999997,0,LOW,Low,False
IMG_9998 - Viren Viren.JPG,8.63,58667.0,73.33333333333333,0,LOW,Low,False
IMG_0002 - Viren Viren.JPG,8.25,66958.0,83.69791666666667,20,LOW,Low,False
IMG_0005 - Viren Viren.JPG,8.75,61042.0,76.30208333333333,0,LOW,Low,False
IMG_0008 - Viren Viren.JPG,7.72,56333.0,70.41666666666664,20,LOW,Low,False
IMG_0011 - Viren Viren.JPG,8.61,74292.0,92.86458333333333,20,LOW,Low,False
IMG_0014 - Viren Viren.JPG,9.34,72875.0,91.09375,0,LOW,Low,False
IMG_0017 - Viren Viren.JPG,6.79,52750.0,65.9375,40,MODERATE,Medium,False
IMG_0020 - Viren Viren.JPG,5.61,19187.0,23.984374999999993,0,LOW,High,True
IMG_0023 - Viren Viren.JPG,4.69,16708.0,20.88541666666667,50,MODERATE,High,True
IMG_0026 - Viren Viren.JPG,4.78,10531.0,13.164062499999996,30,MODERATE,Immediate,True
IMG_0029 - Viren Viren.JPG,4.25,1438.0,1.7968749999999998,50,MODERATE,Immediate,True
IMG_0032 - Viren Viren.JPG,8.18,65583.0,81.97916666666666,20,LOW,Low,False
IMG_0035 - Viren Viren.JPG,5.2,27000.0,33.74999999999999,20,LOW,High,True
IMG_0038 - Viren Viren.JPG,4.34,9875.0,12.34375,50,MODERATE,Immediate,True
IMG_0041 - Viren Viren.JPG,1.69,0.0,0.0,85,CRITICAL,Immediate,True
IMG_0044 - Viren Viren.JPG,8.01,62125.0,77.65625,20,LOW,Low,False
IMG_0047 - Viren Viren.JPG,8.1,64083.0,80.10416666666667,20,LOW,Low,False
IMG_0050 - Viren Viren.JPG,6.42,30458.0,38.07291666666666,20,LOW,High,True
IMG_0053 - Viren Viren.JPG,4.97,22333.0,27.91666666666666,20,LOW,High,True
IMG_0056 - Viren Viren.JPG,8.54,56708.0,70.88541666666667,0,LOW,Low,False
IMG_0059 - Viren Viren.JPG,8.48,55625.0,69.53124999999999,0,LOW,Medium,False
IMG_0144 - Viren Viren.JPG,8.44,54708.0,68.38541666666667,0,LOW,Medium,False
IMG_0147 - Viren Viren.JPG,8.22,50500.0,63.12500000000001,0,LOW,Medium,False
IMG_0150 - Viren Viren.JPG,6.99,41833.0,52.29166666666666,20,LOW,Medium,False
IMG_0153 - Viren Viren.JPG,6.86,39292.0,49.11458333333333,20,LOW,Medium,False
IMG_0156 - Viren Viren.JPG,5.2,10917.0,13.645833333333329,30,MODERATE,Immediate,True
IMG_0159 - Viren Viren.JPG,5.31,29292.0,36.61458333333333,20,LOW,High,True
IMG_0162 - Viren Viren.JPG,6.43,30542.0,38.17708333333334,20,LOW,High,True
IMG_0165 - Viren Viren.JPG,4.35,9958.0,12.447916666666663,50,MODERATE,Immediate,True
IMG_0168 - Viren Viren.JPG,6.59,33719.0,42.148437499999986,20,LOW,Medium,False
IMG_0171 - Viren Viren.JPG,7.06,35250.0,44.06249999999999,0,LOW,Medium,False
IMG_0175 - Viren Viren.JPG,7.05,34906.0,43.63281249999999,0,LOW,Medium,False
IMG_0177 - Viren Viren.JPG,7.03,34625.0,43.281249999999986,0,LOW,Medium,False
IMG_0179 - Viren Viren.JPG,7.37,49312.0,61.64062499999999,20,LOW,Medium,False
IMG_0181 - Viren Viren.JPG,8.67,59344.0,74.17968749999999,0,LOW,Low,False
IMG_0184 - Viren Viren.JPG,8.81,62156.0,77.6953125,0,LOW,Low,False
IMG_0187 - Viren Viren.JPG,8.17,49469.0,61.83593749999999,0,LOW,Medium,False
IMG_0189 - Viren Viren.JPG,8.7,67938.0,84.92187499999999,0,LOW,Low,False
IMG_0192 - Viren Viren.JPG,8.17,65313.0,81.64062500000003,20,LOW,Low,False
IMG_0195 - Viren Viren.JPG,8.78,61594.0,76.9921875,0,LOW,Low,False
IMG_0200 - Viren Viren.JPG,8.06,63219.0,79.02343750000001,20,LOW,Low,False
IMG_0203 - Viren Viren.JPG,8.19,49750.0,62.187499999999986,0,LOW,Medium,False
IMG_0206 - Viren Viren.JPG,8.4,53917.0,67.39583333333331,0,LOW,Medium,False
IMG_0209 - Viren Viren.JPG,7.33,48625.0,60.781249999999986,20,LOW,Medium,False
IMG_0212 - Viren Viren.JPG,8.78,61667.0,77.08333333333334,0,LOW,Low,False
IMG_0217 - Viren Viren.JPG,5.03,7583.0,9.47916666666667,30,MODERATE,Immediate,True
IMG_0222 - Viren Viren.JPG,4.8,19031.0,23.7890625,20,LOW,High,True
IMG_0224 - Viren Viren.JPG,4.82,21500.0,26.875,20,LOW,High,True
IMG_0227 - Viren Viren.JPG,4.06,4156.0,5.1953124999999964,50,MODERATE,Immediate,True
IMG_0230 - Viren Viren.JPG,4.69,27250.0,34.06249999999999,40,MODERATE,High,True
IMG_0233 - Viren Viren.JPG,7.67,55458.0,69.32291666666664,20,LOW,Medium,False
IMG_0236 - Viren Viren.JPG,8.56,57167.0,71.45833333333331,0,LOW,Low,False
IMG_0239 - Viren Viren.JPG,8.74,60708.0,75.88541666666667,0,LOW,Low,False
IMG_0243 - Viren Viren.JPG,7.19,37844.0,47.304687499999986,0,LOW,Medium,False
IMG_0247 - Viren Viren.JPG,7.64,46750.0,58.4375,0,LOW,Medium,False
IMG_0249 - Viren Viren.JPG,7.82,50500.0,63.124999999999986,0,LOW,Medium,False
IMG_0252 - Viren Viren.JPG,6.95,43062.0,53.82812499999999,20,LOW,Medium,False
IMG_0256 - Viren Viren.JPG,8.2,57906.0,72.3828125,0,LOW,Low,False
IMG_0260 - Viren Viren.JPG,6.9,39937.0,49.92187499999999,20,LOW,Medium,False
IMG_0262 - Viren Viren.JPG,6.97,33375.0,41.718749999999986,0,LOW,Medium,False
IMG_0265 - Viren Viren.JPG,8.13,56625.0,70.78124999999999,0,LOW,Low,False
IMG_0268 - Viren Viren.JPG,8.32,52417.0,65.52083333333333,0,LOW,Medium,False
IMG_0271 - Viren Viren.JPG,7.37,33375.0,41.718749999999986,0,LOW,Medium,False
IMG_0274 - Viren Viren.JPG,6.14,29833.0,37.29166666666666,0,LOW,High,True
IMG_0277 - Viren Viren.JPG,8.16,49125.0,61.40624999999999,0,LOW,Medium,False
IMG_0281 - Viren Viren.JPG,8.22,58469.0,73.0859375,0,LOW,Low,False
IMG_0284 - Viren Viren.JPG,6.83,38562.0,48.20312499999999,20,LOW,Medium,False
IMG_0286 - Viren Viren.JPG,6.67,35375.0,44.21874999999999,20,LOW,Medium,False
IMG_0289 - Viren Viren.JPG,8.16,57125.0,71.40625,0,LOW,Low,False
IMG_0293 - Viren Viren.JPG,7.77,57469.0,71.8359375,20,LOW,Low,False
IMG_0296 - Viren Viren.JPG,7.12,44312.0,55.39062499999999,20,LOW,Medium,False
IMG_0298 - Viren Viren.JPG,7.17,45438.0,56.796875,20,LOW,Medium,False
IMG_0301 - Viren Viren.JPG,7.83,58625.0,73.28124999999999,20,LOW,Low,False
IMG_0304 - Viren Viren.JPG,8.3,68094.0,85.11718749999999,20,LOW,Low,False
IMG_0308 - Viren Viren.JPG,8.76,69281.0,86.6015625,0,LOW,Low,False
IMG_0310 - Viren Viren.JPG,8.7,68000.0,84.99999999999999,0,LOW,Low,False
IMG_0313 - Viren Viren.JPG,8.7,68031.0,85.0390625,0,LOW,Low,False
IMG_0317 - Viren Viren.JPG,8.18,49500.0,61.87499999999999,0,LOW,Medium,False
IMG_0320 - Viren Viren.JPG,8.07,47417.0,59.27083333333333,0,LOW,Medium,False
IMG_0322 - Viren Viren.JPG,8.08,47542.0,59.42708333333333,0,LOW,Medium,False
IMG_0325 - Viren Viren.JPG,8.32,52417.0,65.52083333333333,0,LOW,Medium,False
IMG_0329 - Viren Viren.JPG,7.07,43375.0,54.21875000000001,20,LOW,Medium,False
IMG_0332 - Viren Viren.JPG,5.08,27833.0,34.791666666666664,20,LOW,High,True
IMG_0335 - Viren Viren.JPG,6.68,34500.0,43.125,20,LOW,Medium,False
IMG20260325155830 - Viren Viren.jpg,8.23,50667.0,63.33333333333332,0,LOW,Medium,False
IMG20260325155758 - Viren Viren.jpg,8.3,51958.0,64.94791666666666,0,LOW,Medium,False
IMG20260325155725 - Viren Viren.jpg,7.99,45750.0,57.1875,0,LOW,Medium,False
IMG20260325155646 - Viren Viren.jpg,8.33,52667.0,65.83333333333331,0,LOW,Medium,False
IMG20260325155613 - Viren Viren.jpg,5.21,27167.0,33.95833333333333,20,LOW,High,True
IMG20260325155539 - Viren Viren.jpg,8.5,56000.0,69.99999999999997,0,LOW,Medium,False
IMG20260325155505 - Viren Viren.jpg,8.49,55750.0,69.68749999999999,0,LOW,Medium,False
IMG20260325155439 - Viren Viren.jpg,8.67,59417.0,74.27083333333331,0,LOW,Low,False
IMG20260325155356 - Viren Viren.jpg,7.48,51583.0,64.47916666666667,20,LOW,Medium,False
IMG20260325155332 - Viren Viren.jpg,4.95,22083.0,27.604166666666664,20,LOW,High,True
IMG20260325155257[1] - Viren Viren.jpg,5.11,25167.0,31.45833333333333,20,LOW,High,True
IMG20260325155222[1] - Viren Viren.jpg,8.53,56542.0,70.67708333333333,0,LOW,Low,False
IMG20260325155146[1] - Viren Viren.jpg,6.85,31000.0,38.74999999999999,0,LOW,High,True
IMG20260325155103[1] - Viren Viren.jpg,7.87,51375.0,64.21874999999999,0,LOW,Medium,False
IMG20260325155025[1] - Viren Viren.jpg,8.13,48583.0,60.729166666666664,0,LOW,Medium,False
IMG20260325154958[1] - Viren Viren.jpg,6.45,30969.0,38.71093749999999,20,LOW,High,True
IMG20260325154919[1] - Viren Viren.jpg,7.85,50969.0,63.71093750000001,0,LOW,Medium,False
IMG20260325154814[1] - Viren Viren.jpg,7.59,45844.0,57.30468749999999,0,LOW,Medium,False
IMG20260325154706[1] - Viren Viren.jpg,7.18,37594.0,46.99218749999999,0,LOW,Medium,False
IMG20260325154629[1] - Viren Viren.jpg,6.83,38687.0,48.359374999999986,20,LOW,Medium,False
IMG20260325154559[1] - Viren Viren.jpg,7.32,32333.0,40.416666666666664,0,LOW,Medium,False
IMG20260325154528[1] - Viren Viren.jpg,5.99,26750.0,33.43749999999999,0,LOW,High,True
IMG20260325154502 - Viren Viren.jpg,7.39,49833.0,62.291666666666664,20,LOW,Medium,False
IMG20260325154442[1] - Viren Viren.jpg,8.2,49958.0,62.44791666666666,0,LOW,Medium,False
IMG20260325154416 - Viren Viren.jpg,5.8,23042.0,28.80208333333333,0,LOW,High,True
IMG20260325154346[1] - Viren Viren.jpg,7.34,32750.0,40.93749999999999,0,LOW,Medium,False
IMG20260325154313[1] - Viren Viren.jpg,6.05,28062.0,35.078125,0,LOW,High,True
IMG20260325154240[1] - Viren Viren.jpg,1.8,0.0,0.0,85,CRITICAL,Immediate,True
IMG20260325154151[1] - Viren Viren.jpg,4.26,188.0,0.23437500000000194,30,MODERATE,Immediate,True
IMG20260325154109 - Viren Viren.jpg,4.99,22781.0,28.476562500000004,20,LOW,High,True
IMG20260325154018 - Viren Viren.jpg,5.19,18750.0,23.4375,0,LOW,High,True
IMG20260325153941 - Viren Viren.jpg,4.76,2219.0,2.7734374999999964,30,MODERATE,Immediate,True
IMG20260325153836 - Viren Viren.jpg,6.87,31375.0,39.21875,0,LOW,High,True
IMG20260325153756 - Viren Viren.jpg,5.24,27750.0,34.68749999999999,20,LOW,High,True
IMG20260325153652 - Viren Viren.jpg,5.04,7833.0,9.791666666666664,30,MODERATE,Immediate,True
IMG20260325153624 - Viren Viren.jpg,5.92,25500.0,31.874999999999996,0,LOW,High,True
IMG20260325153543 - Viren Viren.jpg,7.65,38937.0,48.67187499999999,0,LOW,Medium,False
IMG20260325153512 - Viren Viren.jpg,4.71,17219.0,21.523437499999993,50,MODERATE,High,True
IMG20260325153420 - Viren Viren.jpg,4.9,5062.0,6.328124999999997,30,MODERATE,Immediate,True
IMG20260325153335 - Viren Viren.jpg,7.68,39562.0,49.45312499999999,0,LOW,Medium,False
IMG20260330120034 - Viren Viren.jpg,8.37,53469.0,66.8359375,0,LOW,Medium,False
IMG20260330120203 - Viren Viren.jpg,5.27,12333.0,15.416666666666663,30,MODERATE,Immediate,True
IMG20260330120232 - Viren Viren.jpg,4.9,22937.0,28.671874999999996,20,LOW,High,True
IMG20260330120339 - Viren Viren.jpg,7.03,42583.0,53.22916666666666,20,LOW,Medium,False
IMG20260330120413 - Viren Viren.jpg,6.81,36208.0,45.26041666666667,20,LOW,Medium,False
IMG20260330120440 - Viren Viren.jpg,5.64,27719.0,34.64843749999999,0,LOW,High,True
IMG20260330120518 - Viren Viren.jpg,6.48,31542.0,39.42708333333334,20,LOW,High,True
IMG20260330120547 - Viren Viren.jpg,4.4,3094.0,3.8671874999999973,30,MODERATE,Immediate,True
IMG20260330120615 - Viren Viren.jpg,7.46,53281.0,66.60156250000001,20,LOW,Medium,False
IMG20260330120641 - Viren Viren.jpg,4.5,5031.0,6.289062500000004,30,MODERATE,Immediate,True
IMG20260330120720 - Viren Viren.jpg,6.92,32344.0,40.42968749999999,0,LOW,Medium,False
IMG20260330120746 - Viren Viren.jpg,4.58,14687.0,18.359374999999996,50,MODERATE,Immediate,True
IMG20260330120816 - Viren Viren.jpg,7.11,36250.0,45.31249999999999,0,LOW,Medium,False
IMG20260330120916 - Viren Viren.jpg,8.23,50562.0,63.20312499999999,0,LOW,Medium,False
IMG20260330121012 - Viren Viren.jpg,6.86,31156.0,38.9453125,0,LOW,High,True
IMG20260330121053 - Viren Viren.jpg,4.07,4333.0,5.416666666666663,50,MODERATE,Immediate,True
IMG20260330121118 - Viren Viren.jpg,6.98,41500.0,51.87500000000001,20,LOW,Medium,False
IMG20260330121143 - Viren Viren.jpg,5.28,28562.0,35.70312499999999,20,LOW,High,True
IMG20260330121219 - Viren Viren.jpg,4.68,16687.0,20.859374999999993,50,MODERATE,High,True
IMG20260330121313 - Viren Viren.jpg,4.12,3344.0,4.179687499999997,50,MODERATE,Immediate,True
IMG20260330121512 - Viren Viren.jpg,3.95,1906.0,2.382812499999998,50,MODERATE,Immediate,True
IMG20260330121539 - Viren Viren.jpg,8.42,54417.0,68.02083333333333,0,LOW,Medium,False
IMG20260330121605 - Viren Viren.jpg,9.27,71375.0,89.21874999999999,0,LOW,Low,False
IMG20260330121637 - Viren Viren.jpg,5.65,20083.0,25.104166666666668,0,LOW,High,True
IMG20260330121702 - Viren Viren.jpg,7.79,41833.0,52.29166666666666,0,LOW,Medium,False
IMG20260330121731 - Viren Viren.jpg,7.34,40750.0,50.9375,0,LOW,Medium,False
IMG20260330121759 - Viren Viren.jpg,4.99,22875.0,28.59375,20,LOW,High,True
IMG20260330121827 - Viren Viren.jpg,8.0,62083.0,77.60416666666666,20,LOW,Low,False
IMG20260330121935 - Viren Viren.jpg,7.39,49792.0,62.23958333333333,20,LOW,Medium,False
IMG20260330122002 - Viren Viren.jpg,8.29,51833.0,64.79166666666666,0,LOW,Medium,False
IMG20260330122037 - Viren Viren.jpg,6.52,32417.0,40.52083333333334,20,LOW,Medium,False
IMG20260330122110 - Viren Viren.jpg,6.8,37917.0,47.395833333333336,20,LOW,Medium,False
IMG20260330123443 - Viren Viren.jpg,5.04,15750.0,19.687499999999996,30,MODERATE,Immediate,True
IMG20260330123511 - Viren Viren.jpg,4.91,13156.0,16.445312499999996,30,MODERATE,Immediate,True
IMG20260330123554 - Viren Viren.jpg,4.08,6625.0,8.281249999999996,50,MODERATE,Immediate,True
IMG20260330123652 - Viren Viren.jpg,8.11,56281.0,70.35156249999999,0,LOW,Low,False
IMG20260330123753 - Viren Viren.jpg,6.56,33250.0,41.56249999999999,20,LOW,Medium,False
IMG20260330123816 - Viren Viren.jpg,7.24,30750.0,38.4375,0,LOW,High,True
IMG20260330123854 - Viren Viren.jpg,4.77,18469.0,23.0859375,20,LOW,High,True
IMG20260330123921 - Viren Viren.jpg,5.69,20875.0,26.09375,0,LOW,High,True
IMG20260330123943 - Viren Viren.jpg,5.24,19844.0,24.804687499999996,0,LOW,High,True
IMG20260330124012 - Viren Viren.jpg,5.03,15656.0,19.570312499999996,30,MODERATE,Immediate,True
IMG20260330124054 - Viren Viren.jpg,9.7,80000.0,100.0,0,LOW,Low,False
IMG20260330124123 - Viren Viren.jpg,9.7,80000.0,100.0,0,LOW,Low,False
IMG20260330124145 - Viren Viren.jpg,9.7,80000.0,100.0,0,LOW,Low,False
IMG20260330124212 - Viren Viren.jpg,8.77,69406.0,86.7578125,0,LOW,Low,False
IMG20260330124240 - Viren Viren.jpg,8.87,71469.0,89.33593749999999,0,LOW,Low,False
IMG20260330124317 - Viren Viren.jpg,9.7,80000.0,100.0,0,LOW,Low,False
IMG20260330124343 - Viren Viren.jpg,9.7,80000.0,100.0,0,LOW,Low,False
IMG20260330124435 - Viren Viren.jpg,9.7,80000.0,100.0,0,LOW,Low,False
IMG20260330124500 - Viren Viren.jpg,9.7,80000.0,100.0,0,LOW,Low,False
IMG20260330124528 - Viren Viren.jpg,9.7,80000.0,100.0,0,LOW,Low,False
IMG20260330124552 - Viren Viren.jpg,9.7,80000.0,100.0,0,LOW,Low,False
IMG20260330124623 - Viren Viren.jpg,9.7,80000.0,100.0,0,LOW,Low,False
IMG20260330124648 - Viren Viren.jpg,9.7,80000.0,100.0,0,LOW,Low,False
IMG20260330124751 - Viren Viren.jpg,9.7,80000.0,100.0,0,LOW,Low,False
IMG20260330124820 - Viren Viren.jpg,9.7,80000.0,100.0,0,LOW,Low,False
IMG20260330124855 - Viren Viren.jpg,5.1,25083.0,31.354166666666668,20,LOW,High,True
IMG20260330124919 - Viren Viren.jpg,4.86,20125.0,25.156249999999993,20,LOW,High,True
IMG20260330125033 - Viren Viren.jpg,7.54,36792.0,45.98958333333334,0,LOW,Medium,False
IMG20260330125055 - Viren Viren.jpg,5.69,20750.0,25.937500000000004,0,LOW,High,True
IMG20260330125113 - Viren Viren.jpg,4.64,15833.0,19.791666666666664,50,MODERATE,Immediate,True
IMG20260330125139 - Viren Viren.jpg,5.62,27312.0,34.14062499999999,0,LOW,High,True
IMG20260330125214 - Viren Viren.jpg,4.67,18406.0,23.007812499999993,20,LOW,High,True
IMG20260330125302 - Viren Viren.jpg,4.99,6833.0,8.54166666666667,30,MODERATE,Immediate,True
IMG20260330125329 - Viren Viren.jpg,5.39,14844.0,18.554687499999993,30,MODERATE,Immediate,True
IMG20260330125535 - Viren Viren.jpg,9.7,80000.0,100.0,0,LOW,Low,False
IMG20260330125538 - Viren Viren.jpg,9.7,80000.0,100.0,0,LOW,Low,False
IMG20260330125542 - Viren Viren.jpg,9.7,80000.0,100.0,0,LOW,Low,False
IMG20260330125546 - Viren Viren.jpg,9.7,80000.0,100.0,0,LOW,Low,False
IMG20260330125556 - Viren Viren.jpg,9.7,80000.0,100.0,0,LOW,Low,False
IMG20260330125600 - Viren Viren.jpg,9.7,80000.0,100.0,0,LOW,Low,False
IMG20260330125611 - Viren Viren.jpg,9.7,80000.0,100.0,0,LOW,Low,False
IMG20260330125615 - Viren Viren.jpg,9.7,80000.0,100.0,0,LOW,Low,False
IMG20260330125619 - Viren Viren.jpg,9.7,80000.0,100.0,0,LOW,Low,False
IMG20260330125621 - Viren Viren.jpg,9.7,80000.0,100.0,0,LOW,Low,False
IMG20260330125635 - Viren Viren.jpg,9.7,80000.0,100.0,0,LOW,Low,False
IMG20260330125638 - Viren Viren.jpg,9.7,80000.0,100.0,0,LOW,Low,False
IMG20260330125643 - Viren Viren.jpg,9.7,80000.0,100.0,0,LOW,Low,False
IMG20260330125647 - Viren Viren.jpg,9.7,80000.0,100.0,0,LOW,Low,False
IMG20260330125806 - Viren Viren.jpg,4.67,8469.0,10.585937499999996,30,MODERATE,Immediate,True
IMG20260330125900 - Viren Viren.jpg,6.78,37688.0,47.109375,20,LOW,Medium,False
IMG20260330125938 - Viren Viren.jpg,7.67,55333.0,69.16666666666666,20,LOW,Medium,False
IMG20260330130000 - Viren Viren.jpg,4.81,19250.0,24.062499999999993,20,LOW,High,True
IMG20260402103749 - Viren Viren.jpg,4.87,4458.0,5.57291666666666,30,MODERATE,Immediate,True
IMG20260402103834 - Viren Viren.jpg,4.61,7219.0,9.023437500000002,30,MODERATE,Immediate,True
IMG20260402103903 - Viren Viren.jpg,5.61,27187.0,33.98437499999999,0,LOW,High,True
IMG20260402103930 - Viren Viren.jpg,7.14,44844.0,56.0546875,20,LOW,Medium,False
IMG20260402103954 - Viren Viren.jpg,5.05,16094.0,20.1171875,30,MODERATE,High,True
IMG20260402104019 - Viren Viren.jpg,5.32,21375.0,26.718749999999993,0,LOW,High,True
IMG20260402104055 - Viren Viren.jpg,6.7,36042.0,45.05208333333333,20,LOW,Medium,False
IMG20260402104122 - Viren Viren.jpg,8.07,55313.0,69.14062500000001,0,LOW,Medium,False
IMG20260402104209 - Viren Viren.jpg,8.49,55719.0,69.6484375,0,LOW,Medium,False
IMG20260402104251 - Viren Viren.jpg,5.95,26083.0,32.60416666666666,0,LOW,High,True
IMG20260402104320 - Viren Viren.jpg,6.77,37458.0,46.822916666666664,20,LOW,Medium,False
IMG20260402104401 - Viren Viren.jpg,5.27,28333.0,35.41666666666667,20,LOW,High,True
IMG20260402104429 - Viren Viren.jpg,7.78,41625.0,52.03124999999999,0,LOW,Medium,False
IMG20260402104452 - Viren Viren.jpg,8.07,47458.0,59.32291666666667,0,LOW,Medium,False
IMG20260402105926 - Viren Viren.jpg,5.0,22906.0,28.6328125,20,LOW,High,True
IMG20260402110056 - Viren Viren.jpg,8.82,70344.0,87.92968749999999,0,LOW,Low,False
IMG20260402110125 - Viren Viren.jpg,8.55,56969.0,71.21093750000001,0,LOW,Low,False
IMG20260402110152 - Viren Viren.jpg,7.11,44219.0,55.273437500000014,20,LOW,Medium,False
IMG20260402110219 - Viren Viren.jpg,5.51,17188.0,21.484375,30,MODERATE,High,True
IMG20260402110241 - Viren Viren.jpg,6.46,31125.0,38.90624999999999,20,LOW,High,True
IMG20260402110317 - Viren Viren.jpg,8.19,65875.0,82.34375,20,LOW,Low,False
IMG20260402110351 - Viren Viren.jpg,7.81,60219.0,75.2734375,20,LOW,Low,False
IMG20260402110418 - Viren Viren.jpg,7.34,48719.0,60.8984375,20,LOW,Medium,False
IMG20260402110445 - Viren Viren.jpg,8.39,53750.0,67.18750000000001,0,LOW,Medium,False
IMG20260402110513 - Viren Viren.jpg,6.13,29531.0,36.91406249999999,0,LOW,High,True
IMG20260402110540 - Viren Viren.jpg,6.79,37792.0,47.23958333333334,20,LOW,Medium,False
IMG20260402110605 - Viren Viren.jpg,7.36,33219.0,41.5234375,0,LOW,Medium,False
IMG20260402110708 - Viren Viren.jpg,7.5,35938.0,44.92187500000001,0,LOW,Medium,False
IMG20260402110743 - Viren Viren.jpg,6.49,31719.0,39.6484375,20,LOW,High,True
IMG20260402110807 - Viren Viren.jpg,6.09,28812.0,36.015625,0,LOW,High,True
IMG20260402110833 - Viren Viren.jpg,7.7,48062.0,60.07812500000001,0,LOW,Medium,False
IMG20260402110930 - Viren Viren.jpg,7.9,52094.0,65.1171875,0,LOW,Medium,False
IMG20260402111001 - Viren Viren.jpg,8.02,54500.0,68.12499999999999,0,LOW,Medium,False
IMG20260402111023 - Viren Viren.jpg,7.99,53781.0,67.2265625,0,LOW,Medium,False
IMG20260402111050 - Viren Viren.jpg,6.99,39875.0,49.84375,20,LOW,Medium,False
IMG20260402111110 - Viren Viren.jpg,6.11,29281.0,36.60156249999999,0,LOW,High,True
IMG20260402111137 - Viren Viren.jpg,4.65,16083.0,20.104166666666664,50,MODERATE,High,True
IMG20260402111159 - Viren Viren.jpg,5.02,23375.0,29.21875,20,LOW,High,True
IMG20260402111223 - Viren Viren.jpg,5.89,24708.0,30.885416666666654,0,LOW,High,True
IMG20260402111251 - Viren Viren.jpg,7.37,49375.0,61.718749999999986,20,LOW,Medium,False
IMG20260402111315 - Viren Viren.jpg,7.94,52781.0,65.9765625,0,LOW,Medium,False
IMG20260402111346 - Viren Viren.jpg,8.04,62708.0,78.38541666666667,20,LOW,Low,False
IMG20260402111443 - Viren Viren.jpg,5.04,23781.0,29.726562499999996,20,LOW,High,True
IMG20260402111501 - Viren Viren.jpg,7.44,50875.0,63.59374999999997,20,LOW,Medium,False
IMG20260402111546 - Viren Viren.jpg,5.21,27281.0,34.10156249999999,20,LOW,High,True
IMG20260402111613 - Viren Viren.jpg,6.81,36281.0,45.351562499999986,20,LOW,Medium,False
IMG20260402111638 - Viren Viren.jpg,7.25,38969.0,48.710937499999986,0,LOW,Medium,False
IMG20260402111701 - Viren Viren.jpg,7.79,49750.0,62.18749999999999,0,LOW,Medium,False
IMG20260402111822 - Viren Viren.jpg,1.55,0.0,0.0,85,CRITICAL,Immediate,True
IMG20260402111848 - Viren Viren.jpg,1.26,0.0,0.0,85,CRITICAL,Immediate,True
IMG20260402111938 - Viren Viren.jpg,9.23,78625.0,98.28125000000001,0,LOW,Low,False
IMG20260402112016 - Viren Viren.jpg,4.28,667.0,0.8333333333333317,30,MODERATE,Immediate,True
IMG20260402112044 - Viren Viren.jpg,5.01,7208.0,9.010416666666666,30,MODERATE,Immediate,True
IMG20260402112147 - Viren Viren.jpg,1.96,0.0,0.0,85,CRITICAL,Immediate,True
IMG20260402112205 - Viren Viren.jpg,1.77,0.0,0.0,85,CRITICAL,Immediate,True
IMG20260402112223 - Viren Viren.jpg,4.01,3281.0,4.101562499999996,50,MODERATE,Immediate,True
IMG20260402112249 - Viren Viren.jpg,3.97,406.0,0.5078124999999961,50,MODERATE,Immediate,True
IMG20260402112317 - Viren Viren.jpg,6.58,33625.0,42.03125,20,LOW,Medium,False
IMG20260402112351 - Viren Viren.jpg,4.69,16844.0,21.054687499999993,50,MODERATE,High,True
IMG20260402112422 - Viren Viren.jpg,6.49,31833.0,39.79166666666666,20,LOW,High,True
IMG20260402112447 - Viren Viren.jpg,5.03,23625.0,29.531249999999993,20,LOW,High,True
IMG20260402112521 - Viren Viren.jpg,4.55,6031.0,7.539062499999992,30,MODERATE,Immediate,True
IMG20260402112552 - Viren Viren.jpg,8.29,67813.0,84.76562500000001,20,LOW,Low,False
IMG20260402112617 - Viren Viren.jpg,5.22,19375.0,24.218749999999996,0,LOW,High,True
IMG20260402112648 - Viren Viren.jpg,4.41,9219.0,11.523437499999996,50,MODERATE,Immediate,True
IMG20260402112716 - Viren Viren.jpg,5.28,12500.0,15.625,30,MODERATE,Immediate,True
IMG20260402112748 - Viren Viren.jpg,4.44,9719.0,12.148437499999998,50,MODERATE,Immediate,True
IMG20260406113429 - Viren Viren.jpg,9.7,80000.0,100.0,0,LOW,Low,False
IMG20260406113440 - Viren Viren.jpg,9.7,80000.0,100.0,0,LOW,Low,False
IMG20260406113448 - Viren Viren.jpg,9.7,80000.0,100.0,0,LOW,Low,False
IMG20260406113454 - Viren Viren.jpg,9.7,80000.0,100.0,0,LOW,Low,False
IMG20260406113459 - Viren Viren.jpg,9.7,80000.0,100.0,0,LOW,Low,False
IMG20260406113505 - Viren Viren.jpg,9.7,80000.0,100.0,0,LOW,Low,False
IMG20260406113516 - Viren Viren.jpg,9.7,80000.0,100.0,0,LOW,Low,False
IMG20260406113521 - Viren Viren.jpg,9.7,80000.0,100.0,0,LOW,Low,False
IMG20260406113529 - Viren Viren.jpg,9.7,80000.0,100.0,0,LOW,Low,False
IMG20260406113534 - Viren Viren.jpg,9.7,80000.0,100.0,0,LOW,Low,False
IMG20260406113554 - Viren Viren.jpg,9.7,80000.0,100.0,0,LOW,Low,False
IMG20260406113559 - Viren Viren.jpg,9.7,80000.0,100.0,0,LOW,Low,False
IMG20260406113604 - Viren Viren.jpg,9.7,80000.0,100.0,0,LOW,Low,False
IMG20260406113610 - Viren Viren.jpg,9.7,80000.0,100.0,0,LOW,Low,False
IMG20260406113614 - Viren Viren.jpg,9.7,80000.0,100.0,0,LOW,Low,False
IMG20260406113618 - Viren Viren.jpg,9.7,80000.0,100.0,0,LOW,Low,False
IMG20260406113622 - Viren Viren.jpg,9.7,80000.0,100.0,0,LOW,Low,False
IMG20260406113629 - Viren Viren.jpg,9.7,80000.0,100.0,0,LOW,Low,False
IMG20260406113637 - Viren Viren.jpg,9.7,80000.0,100.0,0,LOW,Low,False
IMG20260406113648 - Viren Viren.jpg,9.7,80000.0,100.0,0,LOW,Low,False
IMG20260406113652 - Viren Viren.jpg,9.7,80000.0,100.0,0,LOW,Low,False
IMG20260406113656 - Viren Viren.jpg,9.7,80000.0,100.0,0,LOW,Low,False
IMG20260406113705 - Viren Viren.jpg,9.7,80000.0,100.0,0,LOW,Low,False
IMG20260406113712 - Viren Viren.jpg,9.7,80000.0,100.0,0,LOW,Low,False
IMG20260406113716 - Viren Viren.jpg,9.7,80000.0,100.0,0,LOW,Low,False
IMG20260406113726 - Viren Viren.jpg,9.7,80000.0,100.0,0,LOW,Low,False
IMG20260406113736 - Viren Viren.jpg,9.7,80000.0,100.0,0,LOW,Low,False
IMG20260406113740 - Viren Viren.jpg,9.7,80000.0,100.0,0,LOW,Low,False
IMG20260406113752 - Viren Viren.jpg,9.7,80000.0,100.0,0,LOW,Low,False
IMG20260406113756 - Viren Viren.jpg,9.7,80000.0,100.0,0,LOW,Low,False
IMG20260406113813 - Viren Viren.jpg,9.7,80000.0,100.0,0,LOW,Low,False
IMG20260406113829 - Viren Viren.jpg,9.7,80000.0,100.0,0,LOW,Low,False
IMG20260406113833 - Viren Viren.jpg,9.7,80000.0,100.0,0,LOW,Low,False
IMG20260406113844 - Viren Viren.jpg,9.7,80000.0,100.0,0,LOW,Low,False
IMG20260406113920 - Viren Viren.jpg,9.7,80000.0,100.0,0,LOW,Low,False
IMG20260406113925 - Viren Viren.jpg,9.7,80000.0,100.0,0,LOW,Low,False
IMG20260406113959 - Viren Viren.jpg,9.7,80000.0,100.0,0,LOW,Low,False
IMG20260406114008 - Viren Viren.jpg,9.7,80000.0,100.0,0,LOW,Low,False
IMG20260406114013 - Viren Viren.jpg,9.7,80000.0,100.0,0,LOW,Low,False
IMG20260406114020 - Viren Viren.jpg,9.7,80000.0,100.0,0,LOW,Low,False
IMG20260406114024 - Viren Viren.jpg,9.7,80000.0,100.0,0,LOW,Low,False
IMG20260406114028 - Viren Viren.jpg,9.7,80000.0,100.0,0,LOW,Low,False
IMG20260406114032 - Viren Viren.jpg,9.7,80000.0,100.0,0,LOW,Low,False
IMG20260406114035 - Viren Viren.jpg,9.7,80000.0,100.0,0,LOW,Low,False
IMG20260406114038 - Viren Viren.jpg,9.7,80000.0,100.0,0,LOW,Low,False
IMG20260406114111 - Viren Viren.jpg,9.7,80000.0,100.0,0,LOW,Low,False
IMG20260406114117 - Viren Viren.jpg,9.7,80000.0,100.0,0,LOW,Low,False
IMG20260406114127 - Viren Viren.jpg,9.7,80000.0,100.0,0,LOW,Low,False
IMG20260406114142 - Viren Viren.jpg,9.7,80000.0,100.0,0,LOW,Low,False
IMG20260406114152 - Viren Viren.jpg,9.7,80000.0,100.0,0,LOW,Low,False
IMG20260406114158 - Viren Viren.jpg,9.7,80000.0,100.0,0,LOW,Low,False
IMG20260406114223 - Viren Viren.jpg,9.7,80000.0,100.0,0,LOW,Low,False
IMG20260406114230 - Viren Viren.jpg,9.7,80000.0,100.0,0,LOW,Low,False
IMG20260406114244 - Viren Viren.jpg,9.7,80000.0,100.0,0,LOW,Low,False
IMG20260406114352 - Viren Viren.jpg,9.7,80000.0,100.0,0,LOW,Low,False
IMG20260406114358 - Viren Viren.jpg,9.7,80000.0,100.0,0,LOW,Low,False
IMG20260406114411 - Viren Viren.jpg,9.7,80000.0,100.0,0,LOW,Low,False
IMG20260406114415 - Viren Viren.jpg,9.7,80000.0,100.0,0,LOW,Low,False
IMG20260406114420 - Viren Viren.jpg,9.7,80000.0,100.0,0,LOW,Low,False
IMG20260406114431 - Viren Viren.jpg,9.7,80000.0,100.0,0,LOW,Low,False
IMG20260406114441 - Viren Viren.jpg,9.7,80000.0,100.0,0,LOW,Low,False
IMG20260406114506 - Viren Viren.jpg,9.7,80000.0,100.0,0,LOW,Low,False
IMG20260406114537 - Viren Viren.jpg,9.7,80000.0,100.0,0,LOW,Low,False
IMG20260406114544 - Viren Viren.jpg,9.7,80000.0,100.0,0,LOW,Low,False
IMG20260406114557 - Viren Viren.jpg,9.7,80000.0,100.0,0,LOW,Low,False
IMG20260406114603 - Viren Viren.jpg,9.7,80000.0,100.0,0,LOW,Low,False
IMG20260406114749 - Viren Viren.jpg,6.73,36583.0,45.72916666666666,20,LOW,Medium,False
IMG20260406114806 - Viren Viren.jpg,4.99,22792.0,28.48958333333333,20,LOW,High,True
IMG20260406114821 - Viren Viren.jpg,8.38,69667.0,87.08333333333331,20,LOW,Low,False
IMG20260406114838 - Viren Viren.jpg,5.15,25917.0,32.39583333333333,20,LOW,High,True
IMG20260406114900 - Viren Viren.jpg,7.68,47531.0,59.4140625,0,LOW,Medium,False
IMG20260406114925 - Viren Viren.jpg,5.44,23792.0,29.73958333333333,0,LOW,High,True
IMG20260406115004 - Viren Viren.jpg,5.09,24708.0,30.885416666666664,20,LOW,High,True
IMG20260406115046 - Viren Viren.jpg,3.97,2417.0,3.0208333333333304,50,MODERATE,Immediate,True
IMG20260406115102 - Viren Viren.jpg,1.67,0.0,0.0,85,CRITICAL,Immediate,True
IMG20260406115117 - Viren Viren.jpg,1.9,0.0,0.0,85,CRITICAL,Immediate,True
IMG20260406115136 - Viren Viren.jpg,1.84,0.0,0.0,85,CRITICAL,Immediate,True
IMG20260406115158 - Viren Viren.jpg,1.83,0.0,0.0,85,CRITICAL,Immediate,True
IMG20260406115217 - Viren Viren.jpg,1.47,0.0,0.0,85,CRITICAL,Immediate,True
IMG20260406115241 - Viren Viren.jpg,1.87,0.0,0.0,85,CRITICAL,Immediate,True
IMG20260406115307 - Viren Viren.jpg,1.96,0.0,0.0,85,CRITICAL,Immediate,True
IMG20260406115325 - Viren Viren.jpg,1.86,0.0,0.0,85,CRITICAL,Immediate,True
IMG20260406115422 - Viren Viren.jpg,4.51,5292.0,6.614583333333333,30,MODERATE,Immediate,True
IMG20260406115455 - Viren Viren.jpg,4.54,5708.0,7.135416666666665,30,MODERATE,Immediate,True
IMG20260406115515 - Viren Viren.jpg,1.73,0.0,0.0,85,CRITICAL,Immediate,True
IMG20260406115544 - Viren Viren.jpg,4.9,4958.0,6.197916666666661,30,MODERATE,Immediate,True
IMG20260406115610 - Viren Viren.jpg,3.88,542.0,0.6770833333333316,50,MODERATE,Immediate,True
IMG20260406115708 - Viren Viren.jpg,3.96,2292.0,2.86458333333333,50,MODERATE,Immediate,True
IMG20260406115732 - Viren Viren.jpg,1.6,0.0,0.0,85,CRITICAL,Immediate,True
https://drive.google.com/open?id=1J0eZBJ_gUGH5bTvAHe1PjCz9e3Een7Tz,7.99,61812.0,77.265625,20,LOW,Low,False
https://drive.google.com/open?id=1EB44Pv2aBtgBw6VueO9wvFf_-MriItsa,7.94,44719.0,55.8984375,0,LOW,Medium,False
https://drive.google.com/open?id=1ssG0d2O_QF3_wFqDqvQNRLj46kBfhPd2,7.92,60375.0,75.46875,20,LOW,Low,False
https://drive.google.com/open?id=1mLBv5vtGMBhJMR04mn31-QTTR4-qe_mK,8.24,50719.0,63.398437500000014,0,LOW,Medium,False
https://drive.google.com/open?id=197MhN36peHjH1Am22NifvM5kMZl9-4_-,5.26,12250.0,15.312499999999998,30,MODERATE,Immediate,True
https://drive.google.com/open?id=1AhUEqS8iqEEwBLnv6lidpQFtaqcyg50O,5.33,13625.0,17.031249999999996,30,MODERATE,Immediate,True
https://drive.google.com/open?id=19RQm5T74YlWmoVVqf1znuW7ZkKSI9T5W,1.68,0.0,0.0,85,CRITICAL,Immediate,True
https://drive.google.com/open?id=1GHbSIxW7k1xgTrew-rlQYyzs7qT9c5J3,8.21,66250.0,82.81250000000001,20,LOW,Low,False
https://drive.google.com/open?id=1-VVR5WKlGWZLVswxFDYD6JrxeISXSGyy,8.57,65344.0,81.67968750000001,0,LOW,Low,False
https://drive.google.com/open?id=1MJ1Cg3EsjAgFXn12ynEv90fDv5otgl3E,9.51,76250.0,95.31249999999999,0,LOW,Low,False
https://drive.google.com/open?id=1Y1h5iFUw4hL1ILOLBTybuAjcidLmfIn2,5.05,8042.0,10.05208333333333,30,MODERATE,Immediate,True
https://drive.google.com/open?id=1x4toVmCgbShof_t-F-71LTwCMZQlYCrp,7.42,34417.0,43.02083333333332,0,LOW,Medium,False
https://drive.google.com/open?id=1T1UdV72QI74yu62j7GHFu_P13PmIqtca,7.72,40417.0,50.52083333333333,0,LOW,Medium,False
https://drive.google.com/open?id=1ed1oZkjAih_amMoYMtX7joah8G_aRnwi,5.32,21313.0,26.640625000000007,0,LOW,High,True
IMG20260115085908.jpg,1.19,0.0,0.0,85,CRITICAL,Immediate,True
IMG20260121113753.jpg,1.35,0.0,0.0,85,CRITICAL,Immediate,True
IMG20260121113853.jpg,1.36,0.0,0.0,85,CRITICAL,Immediate,True
IMG20260121114013.jpg,1.55,0.0,0.0,85,CRITICAL,Immediate,True
1769244151437.jpg,1.57,0.0,0.0,85,CRITICAL,Immediate,True
IMG20260115090719.jpg,1.6,0.0,0.0,85,CRITICAL,Immediate,True
IMG20260128121045 (1).jpg,1.67,0.0,0.0,85,CRITICAL,Immediate,True
IMG_7050.JPG,1.68,0.0,0.0,85,CRITICAL,Immediate,True
IMG20260121160116.jpg,1.71,0.0,0.0,85,CRITICAL,Immediate,True
IMG_6972.JPG,1.72,0.0,0.0,85,CRITICAL,Immediate,True
IMG20260121114107.jpg,1.72,0.0,0.0,85,CRITICAL,Immediate,True
IMG_6994.JPG,1.72,0.0,0.0,85,CRITICAL,Immediate,True
IMG_7016.JPG,1.76,0.0,0.0,85,CRITICAL,Immediate,True
IMG20260121113216.jpg,1.76,0.0,0.0,85,CRITICAL,Immediate,True
IMG20251218154402.heic,1.78,0.0,0.0,85,CRITICAL,Immediate,True
1769244151386.jpg,1.79,0.0,0.0,85,CRITICAL,Immediate,True
IMG_6943.JPG,1.8,0.0,0.0,85,CRITICAL,Immediate,True
IMG20260128122355.jpg,1.84,0.0,0.0,85,CRITICAL,Immediate,True
IMG20260121115233.jpg,1.87,0.0,0.0,85,CRITICAL,Immediate,True
IMG20260128122450.jpg,1.88,0.0,0.0,85,CRITICAL,Immediate,True
IMG20260121115817.jpg,1.88,0.0,0.0,85,CRITICAL,Immediate,True
IMG_6991.JPG,1.89,0.0,0.0,85,CRITICAL,Immediate,True
IMG20260121114853.jpg,1.9,0.0,0.0,85,CRITICAL,Immediate,True
IMG20260121160330.jpg,1.92,0.0,0.0,85,CRITICAL,Immediate,True
IMG20260128123037.jpg,1.95,0.0,0.0,85,CRITICAL,Immediate,True
IMG20260121114946.jpg,2.0,0.0,0.0,85,CRITICAL,Immediate,True
IMG20260121115440.jpg,4.68,625.0,0.7812500000000007,30,MODERATE,Immediate,True
IMG_6966.JPG,4.69,844.0,1.0546874999999982,30,MODERATE,Immediate,True
IMG20260121115535.jpg,4.7,1000.0,1.2499999999999976,30,MODERATE,Immediate,True
IMG20260121160257.jpg,4.71,1208.0,1.5104166666666634,30,MODERATE,Immediate,True
IMG20260128122316.jpg,4.71,1250.0,1.5625000000000013,30,MODERATE,Immediate,True
IMG_6988.JPG,4.72,1417.0,1.770833333333329,30,MODERATE,Immediate,True
IMG20260128121235.jpg,3.92,1437.0,1.7968749999999964,50,MODERATE,Immediate,True
IMG20260128121148.jpg,4.73,1531.0,1.9140624999999973,30,MODERATE,Immediate,True
IMG20260121115327.jpg,4.73,1625.0,2.0312499999999947,30,MODERATE,Immediate,True
IMG20260128123126.jpg,4.75,2042.0,2.5520833333333335,30,MODERATE,Immediate,True
IMG20260121114805.jpg,3.96,2208.0,2.7604166666666643,50,MODERATE,Immediate,True
IMG20260128122910.jpg,4.78,2500.0,3.124999999999999,30,MODERATE,Immediate,True
IMG20260121114224.jpg,3.98,2542.0,3.177083333333334,50,MODERATE,Immediate,True
IMG20260121114341.jpg,4.39,2875.0,3.5937499999999996,30,MODERATE,Immediate,True
IMG_6934.JPG,4.8,3031.0,3.789062499999999,30,MODERATE,Immediate,True
IMG20260121114436.jpg,4.41,3125.0,3.90625,30,MODERATE,Immediate,True
IMG20251218155033.heic,4.01,3208.0,4.010416666666665,50,MODERATE,Immediate,True
IMG20260128121712.jpg,4.01,3208.0,4.010416666666665,50,MODERATE,Immediate,True
IMG20251103164609.heic,4.43,3625.0,4.531250000000001,30,MODERATE,Immediate,True
IMG_6940.JPG,4.05,4000.0,4.999999999999997,50,MODERATE,Immediate,True
IMG_6947.JPG,4.87,4406.0,5.507812500000001,30,MODERATE,Immediate,True
IMG20260121115654.jpg,4.49,4750.0,5.937499999999998,30,MODERATE,Immediate,True
IMG20260128122957.jpg,4.92,5375.0,6.718749999999996,30,MODERATE,Immediate,True
IMG20260121114537_01.jpg,4.14,5719.0,7.148437499999993,50,MODERATE,Immediate,True
IMG_6925.JPG,4.96,6250.0,7.8125,30,MODERATE,Immediate,True
IMG20260121114711.jpg,4.16,6292.0,7.864583333333335,50,MODERATE,Immediate,True
IMG20260128122819.jpg,4.2,6917.0,8.645833333333332,50,MODERATE,Immediate,True
IMG_6918.JPG,5.02,7344.0,9.179687499999991,30,MODERATE,Immediate,True
IMG20260128122154.jpg,5.02,7375.0,9.218749999999998,30,MODERATE,Immediate,True
IMG20260128122230.jpg,4.27,8333.0,10.416666666666657,50,MODERATE,Immediate,True
IMG20260121113359.jpg,5.09,8750.0,10.93749999999999,30,MODERATE,Immediate,True
IMG20260121161400.jpg,5.09,8792.0,10.98958333333333,30,MODERATE,Immediate,True
IMG_7022.JPG,5.11,9125.0,11.40625,30,MODERATE,Immediate,True
Copy of IMG20251218151751.jpg,5.17,10333.0,12.916666666666664,30,MODERATE,Immediate,True
IMG20251218154623.heic,5.17,10333.0,12.916666666666664,30,MODERATE,Immediate,True
IMG20260121113305.jpg,5.18,10583.0,13.229166666666666,30,MODERATE,Immediate,True
IMG20260121161458.jpg,5.19,10792.0,13.489583333333332,30,MODERATE,Immediate,True
IMG20260128121444.jpg,5.2,10969.0,13.710937499999998,30,MODERATE,Immediate,True
IMG20260121160223.jpg,4.41,11167.0,13.958333333333336,50,MODERATE,Immediate,True
IMG_7019.JPG,5.29,12833.0,16.04166666666666,30,MODERATE,Immediate,True
IMG_6931.JPG,5.31,13125.0,16.406250000000004,30,MODERATE,Immediate,True
IMG20260128122711.jpg,5.32,13458.0,16.822916666666675,30,MODERATE,Immediate,True
IMG_6997.JPG,5.34,13833.0,17.291666666666668,30,MODERATE,Immediate,True
IMG20260128121628.jpg,5.35,14000.0,17.499999999999993,30,MODERATE,Immediate,True
IMG20260115090353.jpg,4.56,14156.0,17.695312499999996,50,MODERATE,Immediate,True
IMG20260121112523.jpg,5.36,14292.0,17.864583333333336,30,MODERATE,Immediate,True
IMG20260128122610.jpg,5.37,14458.0,18.07291666666666,30,MODERATE,Immediate,True
IMG20260121115143.jpg,5.38,14625.0,18.28125,30,MODERATE,Immediate,True
IMG20260121115033.jpg,5.41,15167.0,18.95833333333333,30,MODERATE,Immediate,True
Copy of IMG20251218151653.jpg,5.41,15250.0,19.0625,30,MODERATE,Immediate,True
IMG20260128122525.jpg,5.41,15292.0,19.11458333333334,30,MODERATE,Immediate,True
IMG20260121112252.jpg,5.42,15417.0,19.270833333333336,30,MODERATE,Immediate,True
IMG20260121161110.jpg,5.45,15917.0,19.895833333333336,30,MODERATE,Immediate,True
IMG20260121112649.jpg,5.45,16042.0,20.052083333333332,30,MODERATE,High,True
IMG20260121120740.jpg,5.45,16083.0,20.104166666666664,30,MODERATE,High,True
IMG20260128121756.jpg,5.48,16625.0,20.781249999999993,30,MODERATE,High,True
IMG20260121112135.jpg,5.48,16667.0,20.833333333333336,30,MODERATE,High,True
IMG20251218160210.heic,5.5,17000.0,21.249999999999993,30,MODERATE,High,True
IMG_7010.JPG,5.5,17000.0,21.249999999999993,30,MODERATE,High,True
IMG_7007.JPG,5.5,17042.0,21.302083333333332,30,MODERATE,High,True
IMG20260128121354.jpg,5.51,17125.0,21.406249999999993,30,MODERATE,High,True
IMG20251218155818.heic,5.13,17542.0,21.927083333333332,0,LOW,High,True
IMG20260121160906.jpg,5.53,17625.0,22.031249999999993,0,LOW,High,True
IMG_7004.JPG,5.53,17625.0,22.031250000000004,0,LOW,High,True
IMG_7001.JPG,5.55,18042.0,22.552083333333325,0,LOW,High,True
IMG20260121160804.jpg,5.56,18125.0,22.656250000000004,0,LOW,High,True
IMG_6982.JPG,5.59,18719.0,23.3984375,0,LOW,High,True
IMG20260128121953.jpg,5.59,18750.0,23.4375,0,LOW,High,True
IMG_6975.JPG,4.8,19031.0,23.789062499999993,20,LOW,High,True
IMG_7038.JPG,5.62,19417.0,24.27083333333334,0,LOW,High,True
IMG20260121161303.jpg,4.92,19500.0,24.375,20,LOW,High,True
IMG20260128122123.jpg,5.65,19917.0,24.895833333333332,0,LOW,High,True
IMG_6985.JPG,5.66,20156.0,25.195312499999993,0,LOW,High,True
IMG_7041.JPG,5.66,20208.0,25.260416666666664,0,LOW,High,True
IMG_6979.JPG,4.76,20281.0,25.351562499999996,20,LOW,High,True
Copy of IMG20251218151832.jpg,5.7,21083.0,26.35416666666666,0,LOW,High,True
IMG20251218160057.heic,5.72,21333.0,26.66666666666666,0,LOW,High,True
IMG20260121161220.jpg,5.02,21417.0,26.77083333333333,20,LOW,High,True
IMG20251218160358.heic,4.94,21708.0,27.13541666666666,20,LOW,High,True
IMG20260128122046.jpg,5.77,22417.0,28.02083333333333,0,LOW,High,True
IMG_6957.JPG,4.98,22531.0,28.164062499999993,20,LOW,High,True
1769244151482.jpg,5.81,23292.0,29.114583333333332,0,LOW,High,True
IMG20251218160307.heic,5.04,23792.0,29.73958333333333,20,LOW,High,True
IMG20260128121859.jpg,5.85,23917.0,29.89583333333333,0,LOW,High,True
IMG20251103164832.heic,5.47,24458.0,30.57291666666666,0,LOW,High,True
IMG_6951.JPG,5.91,25281.0,31.601562499999993,0,LOW,High,True
IMG20251218155934.heic,5.25,25958.0,32.44791666666667,20,LOW,High,True
IMG20260121121508.jpg,6.02,27437.0,34.29687499999999,0,LOW,High,True
IMG20260121113443.jpg,5.64,27750.0,34.6875,0,LOW,High,True
IMG_7025.JPG,6.1,29062.0,36.32812499999999,0,LOW,High,True
IMG_7028.JPG,6.11,29250.0,36.5625,0,LOW,High,True
IMG_7013.JPG,6.12,29458.0,36.82291666666666,0,LOW,High,True
1769244151336.jpg,6.88,31625.0,39.53124999999999,0,LOW,High,True
IMG20251218160520.heic,6.51,32292.0,40.36458333333332,20,LOW,Medium,False
IMG20260115085618.jpg,6.93,32594.0,40.74218750000001,0,LOW,Medium,False
IMG20251218154457.heic,7.33,32625.0,40.78125,0,LOW,Medium,False
Copy of IMG20251218152144.jpg,6.55,33083.0,41.35416666666667,20,LOW,Medium,False
IMG20260121113103.jpg,7.37,33406.0,41.75781250000001,0,LOW,Medium,False
IMG20251218155739.heic,6.57,33458.0,41.82291666666666,20,LOW,Medium,False
IMG20260121112821.jpg,7.39,33719.0,42.1484375,0,LOW,Medium,False
Copy of IMG20251218153808.jpg,6.6,34042.0,42.55208333333333,20,LOW,Medium,False
IMG20260121113011.jpg,7.41,34125.0,42.65624999999999,0,LOW,Medium,False
Copy of IMG20251218154022.jpg,7.02,34375.0,42.96875000000001,0,LOW,Medium,False
IMG20260121112912.jpg,7.42,34500.0,43.124999999999986,0,LOW,Medium,False
Copy of IMG20251218151035.jpg,7.09,35750.0,44.68750000000001,0,LOW,Medium,False
Copy of IMG20251218152036.jpg,7.49,35792.0,44.739583333333336,0,LOW,Medium,False
Copy of IMG20251218152401.jpg,6.71,36292.0,45.36458333333332,20,LOW,Medium,False
Copy of 9.jpg,6.78,37500.0,46.874999999999986,20,LOW,Medium,False
IMG20251218154542.heic,7.6,37917.0,47.395833333333336,0,LOW,Medium,False
Copy of IMG20251218145539.jpg,6.8,37958.0,47.447916666666664,20,LOW,Medium,False
Copy of IMG20251218145654.jpg,7.61,38250.0,47.8125,0,LOW,Medium,False
Copy of IMG20251218145831.jpg,6.82,38458.0,48.072916666666664,20,LOW,Medium,False
Copy of IMG20251218150730.jpg,7.23,38688.0,48.359375,0,LOW,Medium,False
Copy of IMG20251218153610.jpg,6.84,38750.0,48.4375,20,LOW,Medium,False
Copy of 5.jpg,7.71,40250.0,50.31250000000001,0,LOW,Medium,False
Copy of IMG20251218153928.jpg,6.92,40375.0,50.46874999999999,20,LOW,Medium,False
Copy of IMG20251218150254.jpg,6.92,40406.0,50.50781250000001,20,LOW,Medium,False
Copy of IMG20251218154203.jpg,6.96,41208.0,51.51041666666667,20,LOW,Medium,False
front image.jpeg,7.38,41500.0,51.87500000000001,0,LOW,Medium,False
Copy of IMG20251218153445.jpg,7.41,42292.0,52.86458333333333,0,LOW,Medium,False
Copy of IMG20251218153357.jpg,7.84,42708.0,53.385416666666664,0,LOW,Medium,False
Copy of IMG20251218153029.jpg,7.08,43625.0,54.53125,20,LOW,Medium,False
Copy of IMG20251218145812.jpg,7.11,44208.0,55.260416666666664,20,LOW,Medium,False
Copy of IMG20251218152902.jpg,7.11,44292.0,55.36458333333333,20,LOW,Medium,False
Copy of IMG20251218152236.jpg,7.55,45000.0,56.249999999999986,0,LOW,Medium,False
Copy of IMG20251218150847.jpg,7.57,45406.0,56.75781250000001,0,LOW,Medium,False
Copy of IMG20251218150621.jpg,7.2,46031.0,57.53906249999999,20,LOW,Medium,False
Copy of IMG20251218152538.jpg,7.65,46969.0,58.71093749999999,0,LOW,Medium,False
IMG20251218154739.heic,8.08,47583.0,59.47916666666666,0,LOW,Medium,False
Copy of IMG20251218153307.jpg,7.4,48083.0,60.10416666666666,20,LOW,Medium,False
Copy of IMG20251218150508.jpg,7.72,48500.0,60.624999999999986,0,LOW,Medium,False
Copy of IMG20251218151921.jpg,8.13,48583.0,60.729166666666664,0,LOW,Medium,False
Copy of IMG20251218152440.jpg,7.35,49031.0,61.28906249999999,20,LOW,Medium,False
Copy of 1.jpg,8.2,50083.0,62.60416666666665,0,LOW,Medium,False
IMG20251103170048.heic,7.45,50906.0,63.63281249999999,20,LOW,Medium,False
IMG20251218155614.heic,7.51,52208.0,65.26041666666666,20,LOW,Medium,False
Copy of IMG20251218150412.jpg,7.95,53094.0,66.3671875,0,LOW,Medium,False
IMG20251218154833.heic,7.6,54042.0,67.55208333333331,20,LOW,Medium,False
IMG20251218154944.heic,7.62,54417.0,68.02083333333333,20,LOW,Medium,False
front image 5.jpeg,8.04,54719.0,68.39843749999999,0,LOW,Medium,False
front image 4.jpeg,8.06,55281.0,69.10156249999999,0,LOW,Medium,False
Copy of IMG20251218145404.jpg,7.67,55375.0,69.21875,20,LOW,Medium,False
IMG20251218160602.heic,7.71,56250.0,70.3125,20,LOW,Low,False
IMG20251218160636.heic,7.76,57250.0,71.5625,20,LOW,Low,False
IMG20251103165459.heic,8.22,58344.0,72.9296875,0,LOW,Low,False
IMG20251103164237.heic,7.84,58792.0,73.48958333333333,20,LOW,Low,False
Copy of IMG20251218152941.jpg,8.74,60792.0,75.98958333333333,0,LOW,Low,False
IMG20251103164020.heic,8.76,61167.0,76.45833333333331,0,LOW,Low,False
Copy of IMG20251218153134.jpg,8.04,62708.0,78.38541666666667,20,LOW,Low,False
IMG20251218160726.heic,8.94,64708.0,80.88541666666666,0,LOW,Low,False
Copy of IMG20251218151359.jpg,9.17,69333.0,86.66666666666667,0,LOW,Low,False
Copy of IMG20251218151620.jpg,9.17,69458.0,86.82291666666666,0,LOW,Low,False
IMG20251103165827.heic,8.86,71250.0,89.06249999999999,0,LOW,Low,False
002_IMG20260209154457 (1).heic,5.78,22531.0,28.164062499999993,0,LOW,High,True
007_IMG20260209154607.heic,5.81,23156.0,28.945312500000004,0,LOW,High,True
013_IMG20260209154732.heic,5.93,25625.0,32.03124999999999,0,LOW,High,True
019_IMG20260209154849.heic,5.92,25344.0,31.679687499999996,0,LOW,High,True
025_IMG20260209154957.heic,5.48,16625.0,20.781249999999993,30,MODERATE,High,True
041_IMG20260209155508.heic,5.31,13292.0,16.614583333333336,30,MODERATE,Immediate,True
047_IMG20260209155620.heic,4.98,22531.0,28.164062500000004,20,LOW,High,True
053_IMG20260209155700.heic,5.82,23312.0,29.140624999999993,0,LOW,High,True
059_IMG20260209155852.heic,5.99,26750.0,33.4375,0,LOW,High,True
065_IMG20260209155957.heic,5.44,15875.0,19.843749999999993,30,MODERATE,Immediate,True
071_IMG20260209160826.heic,5.69,20833.0,26.041666666666668,0,LOW,High,True
077_IMG20260209161000.heic,4.38,8625.0,10.781249999999993,50,MODERATE,Immediate,True
083_IMG20260209161051.heic,5.4,15042.0,18.80208333333333,30,MODERATE,Immediate,True
093_IMG20260209161255.heic,5.35,13958.0,17.447916666666664,30,MODERATE,Immediate,True
117_IMG20260209161617.heic,5.55,17937.0,22.421874999999993,0,LOW,High,True
123_IMG20260209161701.heic,1.98,0.0,0.0,85,CRITICAL,Immediate,True
129_IMG20260209161808.heic,3.93,1562.0,1.953125,50,MODERATE,Immediate,True
dataset\continuous_learning\front_view\fd9cc42d-35eb-471a-a1d6-afda22c7b14b.jpg,8.07,47500.0,59.375,0,LOW,Medium,False
