image_id,tread_depth_pred,health_score_pred,remaining_life_pred,wear_pattern_pred,risk_level,replacement_urgency
IMG_1902261 - Viren Viren.jpg,2.795,5.4,18.671874999999996,even,MODERATE,Immediate
IMG_1902262 - Viren Viren.jpg,3.0325,5.55,22.3828125,even,LOW,High
IMG_1902263 - Viren Viren.jpg,3.4400000000000004,5.8,28.750000000000004,even,LOW,High
IMG_1902264 - Viren Viren.jpg,3.42,5.79,28.437499999999993,even,LOW,High
IMG_1902265 - Viren Viren.jpg,2.5374999999999996,4.44,14.648437499999991,uneven_wear,MODERATE,Immediate
IMG_1902266 - Viren Viren.jpg,2.4,5.15,12.499999999999996,even,MODERATE,Immediate
IMG_1902267 - Viren Viren.jpg,3.4975000000000005,5.84,29.648437500000004,even,LOW,High
IMG_1902268 - Viren Viren.jpg,2.295,5.08,10.859374999999998,even,MODERATE,Immediate
IMG_1902269 - Viren Viren.jpg,1.8033333333333335,4.38,3.177083333333334,center_wear,MODERATE,Immediate
IMG_19022610 - Viren Viren.jpg,1.2533333333333334,1.78,0.0,critical_wear,CRITICAL,Immediate
IMG_19022611 - Viren Viren.jpg,1.6533333333333333,4.68,0.8333333333333317,even,MODERATE,Immediate
IMG_19022612 - Viren Viren.jpg,1.2833333333333334,1.8,0.0,critical_wear,CRITICAL,Immediate
IMG_19022613 - Viren Viren.jpg,3.5025000000000004,5.04,29.726562500000004,uneven_wear,LOW,High
IMG_19022614 - Viren Viren.jpg,2.4975,4.41,14.0234375,uneven_wear,MODERATE,Immediate
IMG_19022615 - Viren Viren.jpg,2.6950000000000003,4.53,17.109375,uneven_wear,MODERATE,Immediate
IMG_19022616 - Viren Viren.jpg,2.2375,4.15,9.960937499999996,one_sided_wear,MODERATE,Immediate
IMG_19022617 - Viren Viren.jpg,2.32,4.59,11.249999999999996,even,MODERATE,Immediate
IMG_19022618 - Viren Viren.jpg,1.6466666666666667,3.49,0.7291666666666662,uneven_wear,HIGH,Immediate
IMG_19022619 - Viren Viren.jpg,1.8533333333333335,3.61,3.9583333333333344,uneven_wear,HIGH,Immediate
IMG_19022620 - Viren Viren.jpg,2.3533333333333335,4.61,11.770833333333334,even,MODERATE,Immediate
IMG_19022621 - Viren Viren.jpg,2.98,5.51,21.5625,even,MODERATE,High
IMG_19022622 - Viren Viren.jpg,3.125,5.6,23.828124999999996,even,LOW,High
IMG_19022623 - Viren Viren.jpg,3.1399999999999997,5.61,24.062499999999993,even,LOW,High
IMG_19022624 - Viren Viren.jpg,3.0374999999999996,5.55,22.460937499999993,even,LOW,High
IMG_19022625 - Viren Viren.jpg,2.316666666666667,5.1,11.197916666666668,even,MODERATE,Immediate
IMG_19022626 - Viren Viren.jpg,2.3633333333333333,5.13,11.92708333333333,even,MODERATE,Immediate
IMG_19022627 - Viren Viren.jpg,2.3966666666666665,5.15,12.447916666666663,even,MODERATE,Immediate
IMG_19022628 - Viren Viren.jpg,2.38,4.34,12.187499999999996,uneven_wear,MODERATE,Immediate
IMG_19022629 - Viren Viren.jpg,1.5433333333333332,1.96,0.0,critical_wear,CRITICAL,Immediate
IMG_19022630 - Viren Viren.jpg,1.4366666666666668,1.9,0.0,critical_wear,CRITICAL,Immediate
IMG_19022631 - Viren Viren.jpg,1.7866666666666664,4.77,2.916666666666661,even,MODERATE,Immediate
IMG_19022632 - Viren Viren.jpg,2.56,5.25,15.0,even,MODERATE,Immediate
IMG_19022633 - Viren Viren.jpg,0.8666666666666666,1.54,0.0,critical_wear,CRITICAL,Immediate
IMG_19022634 - Viren Viren.jpg,1.47,1.92,0.0,critical_wear,CRITICAL,Immediate
IMG_19022635 - Viren Viren.jpg,1.3433333333333335,1.84,0.0,critical_wear,CRITICAL,Immediate
IMG_19022636 - Viren Viren.jpg,1.7366666666666666,4.74,2.135416666666664,even,MODERATE,Immediate
IMG_19022637 - Viren Viren.jpg,3.1133333333333333,5.6,23.64583333333333,even,LOW,High
IMG_19022638 - Viren Viren.jpg,3.223333333333333,5.66,25.36458333333333,even,LOW,High
IMG_19022639 - Viren Viren.jpg,3.3833333333333333,5.76,27.864583333333332,even,LOW,High
IMG_19022640 - Viren Viren.jpg,3.47,5.82,29.21875,even,LOW,High
IMG_19022641 - Viren Viren.jpg,3.3850000000000002,5.77,27.890625000000004,even,LOW,High
IMG_19022642 - Viren Viren.jpg,3.21,5.66,25.156249999999996,even,LOW,High
IMG_19022643 - Viren Viren.jpg,3.3950000000000005,4.97,28.046875000000004,uneven_wear,LOW,High
IMG_19022644 - Viren Viren.jpg,3.1450000000000005,5.62,24.140625000000004,even,LOW,High
IMG_19022645 - Viren Viren.jpg,3.05,5.56,22.656249999999993,even,LOW,High
IMG_19022646 - Viren Viren.jpg,2.6075,5.28,15.742187499999996,even,MODERATE,Immediate
IMG_19022647 - Viren Viren.jpg,2.6775,5.32,16.8359375,even,MODERATE,Immediate
IMG_7342[1] - Viren Viren.JPG,2.0775,4.95,7.460937500000001,even,MODERATE,Immediate
IMG_7345 - Ubaid Elahi Baba.jpeg,1.9525000000000001,4.17,5.507812500000001,edge_wear,MODERATE,Immediate
IMG_7348 - Ubaid Elahi Baba.jpeg,2.33,5.11,11.40625,even,MODERATE,Immediate
IMG_7351 - Ubaid Elahi Baba.jpeg,2.6725,5.32,16.757812499999996,even,MODERATE,Immediate
IMG_7354 - Ubaid Elahi Baba.jpeg,3.4125,5.38,28.3203125,center_wear,LOW,High
IMG_7357 - Ubaid Elahi Baba.jpeg,3.6025,5.9,31.289062499999996,even,LOW,High
IMG_7361 - Ubaid Elahi Baba.jpeg,3.3750000000000004,5.76,27.734375000000007,even,LOW,High
IMG_7364 - Ubaid Elahi Baba.jpeg,3.3775000000000004,5.76,27.773437500000004,even,LOW,High
IMG_7367 - Ubaid Elahi Baba.jpeg,2.1,4.96,7.8125,even,MODERATE,Immediate
IMG_7370 - Ubaid Elahi Baba.jpeg,2.17,4.51,8.906249999999998,even,MODERATE,Immediate
IMG_7373 - Ubaid Elahi Baba.jpeg,1.4066666666666665,1.88,0.0,critical_wear,CRITICAL,Immediate
IMG_7376 - Ubaid Elahi Baba.jpeg,2.466666666666667,4.79,13.541666666666666,center_wear,MODERATE,Immediate
IMG_7380 - Ubaid Elahi Baba.jpeg,2.0966666666666662,4.96,7.760416666666659,even,MODERATE,Immediate
IMG_7384 - Ubaid Elahi Baba.jpeg,2.1333333333333333,4.98,8.333333333333332,even,MODERATE,Immediate
IMG_7387 - Ubaid Elahi Baba.jpeg,3.653333333333333,5.93,32.08333333333332,even,LOW,High
IMG_7390 - Ubaid Elahi Baba.jpeg,3.6300000000000003,5.92,31.71875,even,LOW,High
IMG_7394 - Ubaid Elahi Baba.jpeg,1.8233333333333333,4.79,3.489583333333331,even,MODERATE,Immediate
IMG_7398 - Ubaid Elahi Baba.jpeg,2.0366666666666666,4.92,6.822916666666664,even,MODERATE,Immediate
IMG_7401 - Ubaid Elahi Baba.jpeg,2.6366666666666667,5.3,16.197916666666664,even,MODERATE,Immediate
IMG_7405 - Ubaid Elahi Baba.jpeg,2.4333333333333336,5.17,13.020833333333334,even,MODERATE,Immediate
IMG_7408 - Ubaid Elahi Baba.jpeg,0.8533333333333334,1.53,0.0,critical_wear,CRITICAL,Immediate
IMG_7411 - Ubaid Elahi Baba.jpeg,0.8633333333333333,1.54,0.0,critical_wear,CRITICAL,Immediate
IMG_7415 - Ubaid Elahi Baba.jpeg,0.41,1.13,0.0,critical_wear,CRITICAL,Immediate
IMG_7418 - Ubaid Elahi Baba.jpeg,0.6733333333333333,1.42,0.0,critical_wear,CRITICAL,Immediate
IMG_7421 - Ubaid Elahi Baba.jpeg,1.9266666666666665,4.85,5.104166666666663,even,MODERATE,Immediate
IMG_7424 - Ubaid Elahi Baba.jpeg,2.12,4.97,8.125,even,MODERATE,Immediate
IMG_7427 - Ubaid Elahi Baba.jpeg,1.5966666666666667,2.0,0.0,critical_wear,CRITICAL,Immediate
IMG_7430 - Ubaid Elahi Baba.jpeg,1.7466666666666668,3.94,2.2916666666666674,uneven_wear,MODERATE,Immediate
IMG_7433 - Ubaid Elahi Baba.jpeg,2.2633333333333336,4.55,10.364583333333337,even,MODERATE,Immediate
IMG_7436 - Ubaid Elahi Baba.jpeg,1.5866666666666667,1.79,0.0,critical_wear,CRITICAL,Immediate
IMG_7439 - Ubaid Elahi Baba.jpeg,1.8699999999999999,4.34,4.2187499999999964,even,MODERATE,Immediate
IMG_7442 - Ubaid Elahi Baba.jpeg,0.6833333333333335,1.29,0.0,critical_wear,CRITICAL,Immediate
IMG_7445 - Ubaid Elahi Baba.jpeg,0.6833333333333335,1.43,0.0,critical_wear,CRITICAL,Immediate
IMG_7448 - Ubaid Elahi Baba.jpeg,0.9,1.56,0.0,critical_wear,CRITICAL,Immediate
IMG_7451 - Ubaid Elahi Baba.jpeg,1.68,4.7,1.2499999999999976,even,MODERATE,Immediate
IMG_7454 - Ubaid Elahi Baba.jpeg,2.1133333333333333,4.17,8.02083333333333,uneven_wear,MODERATE,Immediate
IMG_7457 - Ubaid Elahi Baba.jpeg,3.026666666666667,5.14,22.291666666666668,center_wear,LOW,High
IMG_7460 - Ubaid Elahi Baba.jpeg,1.6666666666666667,4.69,1.0416666666666665,even,MODERATE,Immediate
IMG_7463 - Ubaid Elahi Baba.jpeg,1.9333333333333333,4.86,5.208333333333332,even,MODERATE,Immediate
IMG_7463[1] - Viren Viren.JPG,3.6233333333333335,5.91,31.614583333333336,even,LOW,High
IMG_7469[2] - Viren Viren.JPG,3.36,5.75,27.499999999999996,even,LOW,High
IMG_7472[1] - Viren Viren.JPG,3.55,5.87,30.468749999999993,even,LOW,High
IMG_7475[1] - Viren Viren.JPG,2.46,5.19,13.437499999999996,even,MODERATE,Immediate
IMG_7478[1] - Viren Viren.JPG,2.605,5.28,15.703124999999998,even,MODERATE,Immediate
IMG_7481[1] - Viren Viren.JPG,0.7333333333333333,1.46,0.0,critical_wear,CRITICAL,Immediate
IMG_7484[1] - Viren Viren.JPG,0.8566666666666666,1.39,0.0,critical_wear,CRITICAL,Immediate
IMG_7487[2] - Viren Viren.JPG,0.5233333333333333,1.33,0.0,critical_wear,CRITICAL,Immediate
IMG_7490[1] - Viren Viren.JPG,0.32333333333333336,1.2,0.0,critical_wear,CRITICAL,Immediate
IMG_7493[1] - Viren Viren.JPG,1.5333333333333334,1.96,0.0,critical_wear,CRITICAL,Immediate
IMG_7496[1] - Viren Viren.JPG,1.6533333333333333,4.21,0.8333333333333317,even,MODERATE,Immediate
IMG_7499[2] - Viren Viren.JPG,0.8633333333333333,1.54,0.0,critical_wear,CRITICAL,Immediate
IMG_7502[1] - Viren Viren.JPG,0.2833333333333333,1.18,0.0,critical_wear,CRITICAL,Immediate
IMG_7509[1] - Viren Viren.JPG,3.0866666666666664,5.58,23.22916666666666,even,LOW,High
IMG_7512[1] - 25cp08 tyre.JPG,3.033333333333333,5.55,22.39583333333333,even,LOW,High
IMG_7515[1] - Viren Viren.JPG,3.5066666666666664,5.84,29.79166666666666,even,LOW,High
IMG_7518[1] - 25cp08 tyre.JPG,1.8633333333333333,4.33,4.114583333333331,even,MODERATE,Immediate
IMG_7524 - Ubaid Elahi Baba.jpeg,2.796666666666667,5.4,18.697916666666668,even,MODERATE,Immediate
IMG_7527 - Ubaid Elahi Baba.jpeg,2.9233333333333333,5.48,20.677083333333332,even,MODERATE,High
IMG_7530 - Ubaid Elahi Baba.jpeg,2.203333333333333,5.03,9.427083333333329,even,MODERATE,Immediate
IMG_7533 - Ubaid Elahi Baba.jpeg,2.0533333333333332,4.13,7.08333333333333,uneven_wear,MODERATE,Immediate
IMG_7536 - Ubaid Elahi Baba.jpeg,3.1766666666666663,5.64,24.63541666666666,even,LOW,High
IMG_7539 - Ubaid Elahi Baba.jpeg,3.0566666666666666,5.56,22.760416666666664,even,LOW,High
IMG_7542 - Ubaid Elahi Baba.jpeg,1.8433333333333335,4.0,3.8020833333333344,uneven_wear,MODERATE,Immediate
IMG_7546 - Ubaid Elahi Baba.jpeg,1.74,3.55,2.1874999999999987,uneven_wear,HIGH,Immediate
IMG_7549 - Ubaid Elahi Baba.jpeg,1.5366666666666668,1.76,0.0,critical_wear,CRITICAL,Immediate
IMG_7552 - Ubaid Elahi Baba.jpeg,1.7266666666666666,4.26,1.9791666666666639,even,MODERATE,Immediate
IMG_7555 - Ubaid Elahi Baba.jpeg,2.6833333333333336,4.8,16.927083333333336,even,MODERATE,Immediate
IMG_7558 - Ubaid Elahi Baba.jpeg,1.2566666666666666,1.79,0.0,critical_wear,CRITICAL,Immediate
IMG_7561 - Ubaid Elahi Baba.jpeg,2.676666666666667,4.52,16.822916666666675,uneven_wear,MODERATE,Immediate
IMG_7561[1] - Viren Viren.JPG,2.8,4.6,18.749999999999993,uneven_wear,MODERATE,Immediate
IMG_7564[1] - Viren Viren.JPG,2.1425,4.19,8.4765625,uneven_wear,MODERATE,Immediate
IMG_7567[1] - Viren Viren.JPG,2.0225,4.91,6.601562499999998,even,MODERATE,Immediate
IMG_7570[1] - Viren Viren.JPG,3.956666666666667,6.12,36.822916666666664,even,LOW,High
IMG_7573[1] - Viren Viren.JPG,3.6933333333333334,5.16,32.70833333333333,uneven_wear,LOW,High
IMG_7576[1] - Viren Viren.JPG,3.8866666666666667,6.08,35.729166666666664,even,LOW,High
IMG_7579[1] - Viren Viren.JPG,3.953333333333333,6.12,36.77083333333332,even,LOW,High
IMG_7582[1] - Viren Viren.JPG,1.7425,4.74,2.226562499999998,even,MODERATE,Immediate
IMG_7585[1] - Viren Viren.JPG,1.7125,3.92,1.7578124999999973,uneven_wear,MODERATE,Immediate
IMG_7588[1] - Viren Viren.JPG,0.9825,1.61,0.0,critical_wear,CRITICAL,Immediate
IMG_7591[1] - Viren Viren.JPG,1.1475,1.72,0.0,critical_wear,CRITICAL,Immediate
IMG_7594[1] - Viren Viren.JPG,3.54,5.86,30.312499999999996,even,LOW,High
IMG_7597[1] - Viren Viren.JPG,3.635,5.92,31.796874999999993,even,LOW,High
IMG_7600[1] - Viren Viren.JPG,3.5475000000000003,5.87,30.429687500000004,even,LOW,High
IMG_7603[1] - Viren Viren.JPG,3.15,5.22,24.218749999999996,center_wear,LOW,High
IMG_7879[1] - Viren Viren.JPG,1.5266666666666666,1.76,0.0,critical_wear,CRITICAL,Immediate
IMG_7882[1] - Viren Viren.JPG,1.5333333333333332,1.76,0.0,critical_wear,CRITICAL,Immediate
IMG_7885[1] - Viren Viren.JPG,1.616666666666667,3.47,0.2604166666666692,uneven_wear,HIGH,Immediate
IMG_7888[1] - Viren Viren.JPG,2.06,3.73,7.187499999999999,uneven_wear,HIGH,Immediate
IMG_7891[1] - Viren Viren.JPG,2.7550000000000003,4.57,18.046875000000004,uneven_wear,MODERATE,Immediate
IMG_7897[1] - Viren Viren.JPG,2.2675,4.27,10.4296875,uneven_wear,MODERATE,Immediate
IMG_7900[1] - Viren Viren.JPG,2.215,5.03,9.609374999999996,even,MODERATE,Immediate
IMG_7903[1] - Viren Viren.JPG,1.25,1.6,0.0,critical_wear,CRITICAL,Immediate
IMG_7906[1] - Viren Viren.JPG,1.245,1.6,0.0,critical_wear,CRITICAL,Immediate
IMG_7909[1] - Viren Viren.JPG,1.05,1.49,0.0,critical_wear,CRITICAL,Immediate
IMG_7912[1] - Viren Viren.JPG,1.64,4.21,0.6249999999999971,even,MODERATE,Immediate
IMG_7915[1] - Viren Viren.JPG,1.5533333333333335,1.77,0.0,critical_wear,CRITICAL,Immediate
IMG_7918[1] - Viren Viren.JPG,1.95,4.38,5.468749999999998,even,MODERATE,Immediate
IMG_7921[1] - Viren Viren.JPG,1.5899999999999999,1.99,0.0,critical_wear,CRITICAL,Immediate
IMG_7924[1] - Viren Viren.JPG,1.8266666666666669,4.79,3.5416666666666687,even,MODERATE,Immediate
IMG_7927[1] - Viren Viren.JPG,2.7566666666666673,4.57,18.072916666666675,uneven_wear,MODERATE,Immediate
IMG_7930[1] - Viren Viren.JPG,3.1733333333333333,4.83,24.583333333333332,uneven_wear,LOW,High
IMG_7933[1] - Viren Viren.JPG,2.046666666666667,4.93,6.979166666666668,even,MODERATE,Immediate
IMG_7936[1] - Viren Viren.JPG,2.8000000000000003,5.4,18.750000000000004,even,MODERATE,Immediate
IMG_7939[1] - Viren Viren.JPG,2.5400000000000005,4.44,14.687500000000005,uneven_wear,MODERATE,Immediate
IMG_7942[1] - Viren Viren.JPG,2.39,5.14,12.34375,even,MODERATE,Immediate
IMG_7945[1] - Viren Viren.JPG,2.36,5.12,11.874999999999996,even,MODERATE,Immediate
IMG_7948[1] - Viren Viren.JPG,2.516666666666666,5.22,14.322916666666657,even,MODERATE,Immediate
IMG_7951[1] - Viren Viren.JPG,1.3133333333333332,1.64,0.0,critical_wear,CRITICAL,Immediate
IMG_7954[1] - Viren Viren.JPG,1.11,1.52,0.0,critical_wear,CRITICAL,Immediate
IMG_7957[1] - Viren Viren.JPG,2.566666666666667,5.25,15.104166666666668,even,MODERATE,Immediate
IMG_7960[1] - Viren Viren.JPG,2.6633333333333336,4.51,16.614583333333336,uneven_wear,MODERATE,Immediate
IMG_8169[1] - Viren Viren.JPG,3.4450000000000003,5.8,28.828125,even,LOW,High
IMG_8172[1] - Viren Viren.JPG,3.46,5.81,29.062499999999996,even,LOW,High
IMG_8175[1] - Viren Viren.JPG,3.5075,5.84,29.804687499999993,even,LOW,High
IMG_8178[1] - Viren Viren.JPG,2.13,4.58,8.281249999999996,center_wear,MODERATE,Immediate
IMG_8181[1] - Viren Viren.JPG,2.585,4.47,15.390624999999996,uneven_wear,MODERATE,Immediate
IMG_8187[1] - Viren Viren.JPG,2.6525,4.91,16.445312499999996,center_wear,MODERATE,Immediate
IMG_8197[1] - Viren Viren.JPG,1.1233333333333333,1.7,0.0,critical_wear,CRITICAL,Immediate
IMG_8200[1] - Viren Viren.JPG,2.13,4.98,8.281249999999996,even,MODERATE,Immediate
IMG_8203[1] - Viren Viren.JPG,2.91,5.47,20.46875,even,MODERATE,High
IMG_8207[1] - Viren Viren.JPG,1.6300000000000001,4.67,0.46875000000000044,even,MODERATE,Immediate
IMG_8210[1] - Viren Viren.JPG,2.2775,3.84,10.585937499999996,uneven_wear,HIGH,Immediate
IMG_8214[1] - Viren Viren.JPG,1.0999999999999999,1.52,0.0,critical_wear,CRITICAL,Immediate
IMG_8217[1] - Viren Viren.JPG,3.1775,5.08,24.6484375,even,LOW,High
IMG_8221[1] - Viren Viren.JPG,3.0549999999999997,5.56,22.734374999999993,even,LOW,High
IMG_8224[1] - Viren Viren.JPG,2.845,5.43,19.453125,even,MODERATE,Immediate
IMG_8227[1] - Viren Viren.JPG,2.8249999999999997,5.42,19.140624999999993,even,MODERATE,Immediate
IMG_8231[1] - Viren Viren.JPG,3.0,4.72,21.874999999999996,uneven_wear,LOW,High
IMG_8234[1] - Viren Viren.JPG,2.3875,5.14,12.304687500000002,even,MODERATE,Immediate
IMG_8237[1] - Viren Viren.JPG,2.3525,5.12,11.7578125,even,MODERATE,Immediate
IMG_8240[1] - Viren Viren.JPG,2.5000000000000004,4.41,14.062500000000005,uneven_wear,MODERATE,Immediate
IMG_8243[1] - Viren Viren.JPG,2.48,5.2,13.749999999999998,even,MODERATE,Immediate
IMG_8246[1] - Viren Viren.JPG,1.7025000000000001,4.71,1.6015625000000004,even,MODERATE,Immediate
IMG_8250[1] - Viren Viren.JPG,1.48,1.92,0.0,critical_wear,CRITICAL,Immediate
IMG_8253[1] - Viren Viren.JPG,1.4125,1.88,0.0,critical_wear,CRITICAL,Immediate
IMG_8277[1] - Viren Viren.JPG,3.2566666666666664,5.69,25.88541666666666,even,LOW,High
IMG_8280[1] - Viren Viren.JPG,1.1766666666666667,1.74,0.0,critical_wear,CRITICAL,Immediate
IMG_8283[1] - Viren Viren.JPG,0.8966666666666668,1.56,0.0,critical_wear,CRITICAL,Immediate
IMG_8286[1] - Viren Viren.JPG,1.2325,1.77,0.0,critical_wear,CRITICAL,Immediate
IMG_8289[1] - Viren Viren.JPG,1.15,1.55,0.0,critical_wear,CRITICAL,Immediate
IMG_8292[1] - Viren Viren.JPG,1.2366666666666666,1.59,0.0,critical_wear,CRITICAL,Immediate
IMG_8295[1] - Viren Viren.JPG,2.026666666666667,4.43,6.666666666666668,even,MODERATE,Immediate
IMG_8298[1] - Viren Viren.JPG,3.503333333333334,5.84,29.739583333333336,even,LOW,High
IMG_8301[1] - Viren Viren.JPG,2.5799999999999996,5.26,15.312499999999993,even,MODERATE,Immediate
IMG_8304[1] - Viren Viren.JPG,3.2266666666666666,5.67,25.41666666666666,even,LOW,High
IMG_8307[1] - Viren Viren.JPG,2.9,4.91,20.312499999999996,even,MODERATE,High
IMG_8310[1] - Viren Viren.JPG,3.313333333333333,5.72,26.77083333333333,even,LOW,High
IMG_8313[1] - Viren Viren.JPG,1.5,1.75,0.0,critical_wear,CRITICAL,Immediate
IMG_8316[1] - Viren Viren.JPG,1.7033333333333331,4.24,1.614583333333329,even,MODERATE,Immediate
IMG_8319[1] - Viren Viren.JPG,3.266666666666667,5.69,26.041666666666668,even,LOW,High
IMG_8322[1] - Viren Viren.JPG,3.53,5.86,30.156249999999996,even,LOW,High
IMG_8325[1] - Viren Viren.JPG,1.45,1.72,0.0,critical_wear,CRITICAL,Immediate
IMG_8328[1] - Viren Viren.JPG,1.4699999999999998,1.73,0.0,critical_wear,CRITICAL,Immediate
IMG_8372[1] - Viren Viren.JPG,3.2024999999999997,5.65,25.039062499999993,even,LOW,High
IMG_8375[1] - Viren Viren.JPG,2.7725,5.38,18.320312499999996,even,MODERATE,Immediate
IMG_8381[1] - Viren Viren.JPG,2.495,4.41,13.984374999999998,uneven_wear,MODERATE,Immediate
IMG_8384[1] - Viren Viren.JPG,2.505,4.82,14.140624999999996,center_wear,MODERATE,Immediate
IMG_8387[1] - Viren Viren.JPG,2.3725,4.73,12.0703125,center_wear,MODERATE,Immediate
IMG_8394[1] - Viren Viren.JPG,1.8800000000000001,4.82,4.375,even,MODERATE,Immediate
IMG_8397[1] - Viren Viren.JPG,1.6433333333333333,4.68,0.6770833333333316,even,MODERATE,Immediate
IMG_8400[1] - Viren Viren.JPG,1.5533333333333335,1.97,0.0,critical_wear,CRITICAL,Immediate
IMG_8403[1] - Viren Viren.JPG,2.5500000000000003,5.24,14.843750000000004,even,MODERATE,Immediate
IMG_8406[1] - Viren Viren.JPG,3.0125,5.13,22.0703125,center_wear,LOW,High
IMG_8409[1] - Viren Viren.JPG,3.3575,5.75,27.460937499999993,even,LOW,High
IMG_8412[1] - Viren Viren.JPG,2.6799999999999997,4.53,16.874999999999993,uneven_wear,MODERATE,Immediate
IMG_8415[1] - Viren Viren.JPG,3.16,4.82,24.375,uneven_wear,LOW,High
IMG_8418[1] - Viren Viren.JPG,3.5233333333333334,5.85,30.05208333333333,even,LOW,High
IMG_8421[1] - Viren Viren.JPG,3.073333333333333,5.57,23.020833333333325,even,LOW,High
IMG_8424[1] - Viren Viren.JPG,3.23,5.67,25.468749999999996,even,LOW,High
IMG_8427[1] - Viren Viren.JPG,0.7675,1.48,0.0,critical_wear,CRITICAL,Immediate
IMG_8430[1] - Viren Viren.JPG,2.19,5.02,9.218749999999998,even,MODERATE,Immediate
IMG_8433[1] - Viren Viren.JPG,2.17,4.61,8.906249999999998,center_wear,MODERATE,Immediate
IMG_8436[1] - Viren Viren.JPG,3.3200000000000003,5.72,26.875,even,LOW,High
IMG_8439[1] - Viren Viren.JPG,3.23,4.87,25.468749999999996,uneven_wear,LOW,High
IMG_8442[1] - Viren Viren.JPG,3.6133333333333333,5.91,31.45833333333333,even,LOW,High
IMG_8445[1] - Viren Viren.JPG,3.0700000000000003,5.57,22.96875,even,LOW,High
IMG_8448[1] - Viren Viren.JPG,3.3466666666666662,5.74,27.291666666666657,even,LOW,High
IMG_8451[1] - Viren Viren.JPG,3.0666666666666664,5.57,22.91666666666666,even,LOW,High
IMG_8454[1] - Viren Viren.JPG,3.2866666666666666,5.7,26.35416666666666,even,LOW,High
IMG_8458[1] - Viren Viren.JPG,3.11,5.59,23.593749999999996,even,LOW,High
IMG_8461[1] - Viren Viren.JPG,2.0875,4.95,7.617187499999997,even,MODERATE,Immediate
IMG_8464[1] - Viren Viren.JPG,2.0,4.9,6.249999999999998,even,MODERATE,Immediate
IMG_8467[1] - Viren Viren.JPG,3.1925,4.85,24.882812499999996,uneven_wear,LOW,High
IMG_8469[1] - Viren Viren.JPG,2.61,5.28,15.781249999999996,even,MODERATE,Immediate
IMG_8472[1] - Viren Viren.JPG,2.925,5.48,20.703124999999993,even,MODERATE,High
IMG_8476[1] - Viren Viren.JPG,2.8175000000000003,5.41,19.023437500000004,even,MODERATE,Immediate
IMG_8479[1] - Viren Viren.JPG,3.1925,5.65,24.882812499999996,even,LOW,High
IMG_8482[1] - Viren Viren.JPG,2.1599999999999997,5.0,8.749999999999995,even,MODERATE,Immediate
IMG_8485[1] - Viren Viren.JPG,2.655,5.31,16.484374999999996,even,MODERATE,Immediate
IMG_8489[1] - Viren Viren.JPG,2.0425000000000004,4.93,6.914062500000005,even,MODERATE,Immediate
IMG_8491[1] - Viren Viren.JPG,3.1799999999999997,5.64,24.687499999999993,even,LOW,High
IMG_8494[1] - Viren Viren.JPG,3.165,4.73,24.453124999999996,one_sided_wear,LOW,High
IMG_8497[1] - Viren Viren.JPG,2.6825,4.53,16.9140625,uneven_wear,MODERATE,Immediate
IMG_8500[1] - Viren Viren.JPG,3.01,5.53,22.031249999999993,even,LOW,High
IMG_8826 - Viren Viren.JPG,1.2333333333333334,1.59,0.0,critical_wear,CRITICAL,Immediate
IMG_8829 - Viren Viren.JPG,3.75,5.19,33.59374999999999,uneven_wear,LOW,High
IMG_8832 - Viren Viren.JPG,4.426666666666667,7.47,44.166666666666664,even,LOW,Medium
IMG_8835[1] - Viren Viren.JPG,2.2575,4.55,10.273437499999996,even,MODERATE,Immediate
IMG_8838 - Viren Viren.JPG,3.216666666666667,4.96,25.260416666666664,edge_wear,LOW,High
IMG_8841 - Viren Viren.JPG,4.739999999999999,6.86,49.062499999999986,uneven_wear,LOW,Medium
IMG_8844[1] - Viren Viren.JPG,3.465,5.82,29.140624999999993,even,LOW,High
IMG_8847 - Viren Viren.JPG,4.7299999999999995,6.86,48.90624999999999,uneven_wear,LOW,Medium
IMG_8850 - Viren Viren.JPG,2.9574999999999996,4.7,21.21093749999999,uneven_wear,MODERATE,High
IMG_8853 - Viren Viren.JPG,4.753333333333333,6.54,49.27083333333332,center_wear,LOW,Medium
IMG_8856 - Viren Viren.JPG,6.123333333333334,8.53,70.67708333333333,even,LOW,Low
IMG_8859[1] - Viren Viren.JPG,3.2099999999999995,4.96,25.156249999999993,edge_wear,LOW,High
IMG_8862 - Viren Viren.JPG,3.3833333333333333,5.06,27.864583333333332,edge_wear,LOW,High
IMG_8865 - Viren Viren.JPG,6.173333333333335,8.56,71.45833333333334,even,LOW,Low
IMG_8868 - Viren Viren.JPG,4.696666666666666,6.84,48.38541666666666,uneven_wear,LOW,Medium
IMG_8871 - Viren Viren.JPG,7.329999999999999,9.28,89.53124999999997,even,LOW,Low
IMG_8874 - Viren Viren.JPG,7.246666666666666,8.83,88.22916666666666,center_wear,LOW,Low
IMG_8877 - Viren Viren.JPG,7.6000000000000005,8.65,93.75,uneven_wear,LOW,Low
IMG_8880 - Viren Viren.JPG,6.095,8.11,70.23437499999999,center_wear,LOW,Low
IMG_8884 - Viren Viren.JPG,6.9975,8.67,84.33593749999999,center_wear,LOW,Low
IMG_8887 - Viren Viren.JPG,7.045,8.3,85.078125,uneven_wear,LOW,Low
IMG_8890 - Viren Viren.JPG,7.3025,8.46,89.10156250000001,uneven_wear,LOW,Low
IMG_8893 - Viren Viren.JPG,7.2275,9.22,87.92968749999999,even,LOW,Low
IMG_8896 - Viren Viren.JPG,6.945,8.64,83.515625,center_wear,LOW,Low
IMG_8899 - Viren Viren.JPG,7.202500000000001,9.2,87.53906250000001,even,LOW,Low
IMG_8903 - Viren Viren.JPG,7.132499999999999,9.16,86.44531249999999,even,LOW,Low
IMG_8906 - Viren Viren.JPG,6.74,8.11,80.31250000000001,uneven_wear,LOW,Low
IMG_8909 - Viren Viren.JPG,7.262499999999999,9.24,88.47656249999999,even,LOW,Low
IMG_8912 - Viren Viren.JPG,6.9625,8.25,83.78906250000001,uneven_wear,LOW,Low
IMG_8916 - Viren Viren.JPG,6.905,9.02,82.890625,even,LOW,Low
IMG_8919 - Viren Viren.JPG,7.21,9.21,87.65624999999999,even,LOW,Low
IMG_8781 - Viren Viren.JPG,6.676666666666667,8.87,79.32291666666666,even,LOW,Low
IMG_8784 - Viren Viren.JPG,7.836666666666666,9.6,97.44791666666666,even,LOW,Low
IMG_8787 - Viren Viren.JPG,6.426666666666666,7.92,75.41666666666666,uneven_wear,LOW,Low
IMG_8790 - Viren Viren.JPG,5.5,7.74,60.9375,center_wear,LOW,Medium
IMG_8793 - Viren Viren.JPG,5.4875,7.73,60.742187499999986,center_wear,LOW,Medium
IMG_8796 - Viren Viren.JPG,2.3533333333333335,4.72,11.770833333333334,center_wear,MODERATE,Immediate
IMG_8799 - Viren Viren.JPG,5.5625,7.78,61.9140625,center_wear,LOW,Medium
IMG_8802 - Viren Viren.JPG,6.0675,8.09,69.80468749999999,center_wear,LOW,Medium
IMG_8805 - Viren Viren.JPG,2.3866666666666667,4.34,12.291666666666666,uneven_wear,MODERATE,Immediate
IMG_8808 - Viren Viren.JPG,3.06,5.56,22.8125,even,LOW,High
IMG_8811 - Viren Viren.JPG,2.8699999999999997,5.44,19.843749999999993,even,MODERATE,Immediate
IMG_8814 - Viren Viren.JPG,5.336666666666666,7.24,58.38541666666666,uneven_wear,LOW,Medium
IMG_8817 - Viren Viren.JPG,1.7433333333333332,3.55,2.2395833333333295,uneven_wear,HIGH,Immediate
IMG_8820 - Viren Viren.JPG,5.6066666666666665,7.4,62.60416666666665,uneven_wear,LOW,Medium
IMG_8939 - Viren Viren.JPG,4.1175,7.27,39.33593749999999,even,LOW,High
IMG_8942 - Viren Viren.JPG,4.1925,6.52,40.50781249999999,uneven_wear,LOW,Medium
IMG_8945 - Viren Viren.JPG,4.1275,7.28,39.4921875,even,LOW,High
IMG_8948 - Viren Viren.JPG,4.41,6.66,43.90625,uneven_wear,LOW,Medium
IMG_8951 - Viren Viren.JPG,6.080000000000001,8.5,70.0,even,LOW,Medium
IMG_8954 - Viren Viren.JPG,6.376666666666666,8.29,74.63541666666664,center_wear,LOW,Low
IMG_8957 - Viren Viren.JPG,6.316666666666666,7.85,73.69791666666666,uneven_wear,LOW,Low
IMG_8960 - Viren Viren.JPG,6.286666666666666,8.63,73.22916666666664,even,LOW,Low
IMG_8963 - Viren Viren.JPG,3.4275,4.99,28.554687499999996,uneven_wear,LOW,High
IMG_8966 - Viren Viren.JPG,5.6425,8.23,63.16406250000001,even,LOW,Medium
IMG_8969 - Viren Viren.JPG,5.2425,7.18,56.91406249999999,uneven_wear,LOW,Medium
IMG_8972 - Viren Viren.JPG,3.5325,5.86,30.1953125,even,LOW,High
IMG_8975 - Viren Viren.JPG,5.443333333333334,8.1,60.05208333333334,even,LOW,Medium
IMG_8978 - Viren Viren.JPG,6.086666666666667,8.5,70.10416666666666,even,LOW,Low
IMG_8981 - Viren Viren.JPG,5.963333333333334,8.43,68.17708333333333,even,LOW,Medium
IMG_8984 - Viren Viren.JPG,5.760000000000001,7.5,65.0,uneven_wear,LOW,Medium
IMG_8987 - Viren Viren.JPG,5.54,7.46,61.5625,edge_wear,LOW,Medium
IMG_8990 - Viren Viren.JPG,1.8833333333333335,3.99,4.427083333333335,center_wear,MODERATE,Immediate
IMG_8993 - Viren Viren.JPG,4.013333333333333,6.49,37.70833333333332,even,LOW,High
IMG_8996 - Viren Viren.JPG,6.057499999999999,8.49,69.6484375,even,LOW,Medium
IMG_8999 - Viren Viren.JPG,4.6450000000000005,7.2,47.57812500000001,center_wear,LOW,Medium
IMG_9003 - Viren Viren.JPG,4.7375,7.26,49.02343749999999,center_wear,LOW,Medium
IMG_9006 - Viren Viren.JPG,4.8774999999999995,7.35,51.210937499999986,center_wear,LOW,Medium
IMG_9009 - Viren Viren.JPG,4.825,6.92,50.390625,uneven_wear,LOW,Medium
IMG_9012 - Viren Viren.JPG,5.1850000000000005,7.54,56.015625,center_wear,LOW,Medium
IMG_9015 - Viren Viren.JPG,5.28,7.6,57.49999999999999,center_wear,LOW,Medium
IMG_9018 - Viren Viren.JPG,5.71,7.87,64.21874999999999,center_wear,LOW,Medium
IMG_9021 - Viren Viren.JPG,3.36,5.75,27.499999999999996,even,LOW,High
IMG_9024 - Viren Viren.JPG,3.286666666666667,5.7,26.354166666666668,even,LOW,High
IMG_9027 - Viren Viren.JPG,2.4966666666666666,4.51,14.010416666666664,edge_wear,MODERATE,Immediate
IMG_9030 - Viren Viren.JPG,5.096666666666667,7.89,54.63541666666666,even,LOW,Medium
IMG_9033 - Viren Viren.JPG,4.636666666666667,6.8,47.447916666666664,uneven_wear,LOW,Medium
IMG_9036 - Viren Viren.JPG,5.026666666666667,7.84,53.54166666666668,even,LOW,Medium
IMG_9039 - Viren Viren.JPG,4.890000000000001,7.76,51.40625000000001,even,LOW,Medium
IMG_9042 - Viren Viren.JPG,6.415,8.31,75.23437499999999,center_wear,LOW,Low
IMG_9045 - Viren Viren.JPG,6.54,8.39,77.18749999999999,center_wear,LOW,Low
IMG_9048 - Viren Viren.JPG,7.0475,8.7,85.11718749999999,center_wear,LOW,Low
IMG_9051 - Viren Viren.JPG,6.952500000000001,8.65,83.63281250000001,center_wear,LOW,Low
IMG_9054 - Viren Viren.JPG,3.8475,6.05,35.1171875,even,LOW,High
IMG_9057 - Viren Viren.JPG,3.125,5.2,23.828124999999996,center_wear,LOW,High
IMG_9060 - Viren Viren.JPG,3.8899999999999997,6.08,35.78124999999999,even,LOW,High
IMG_9063 - Viren Viren.JPG,4.32,7.4,42.5,even,LOW,Medium
IMG_9066 - Viren Viren.JPG,7.0375,8.3,84.9609375,uneven_wear,LOW,Low
IMG_9069 - Viren Viren.JPG,6.7725,8.93,80.82031249999999,even,LOW,Low
IMG_9072 - Viren Viren.JPG,6.9175,8.22,83.0859375,uneven_wear,LOW,Low
IMG_9075 - Viren Viren.JPG,6.2625,8.21,72.85156249999999,center_wear,LOW,Low
IMG_9079 - Viren Viren.JPG,3.4299999999999997,4.99,28.59374999999999,uneven_wear,LOW,High
IMG_9084 - Viren Viren.JPG,2.69,5.33,17.031249999999996,even,MODERATE,Immediate
IMG_9087 - Viren Viren.JPG,3.736666666666667,5.39,33.385416666666664,even,LOW,High
IMG_9090 - Viren Viren.JPG,4.4366666666666665,6.67,44.322916666666664,uneven_wear,LOW,Medium
IMG_9094 - Viren Viren.JPG,0.33,1.21,0.0,critical_wear,CRITICAL,Immediate
IMG_9097 - Viren Viren.JPG,3.8366666666666664,6.05,34.947916666666664,even,LOW,High
IMG_9101 - Viren Viren.JPG,5.6499999999999995,8.23,63.28124999999998,even,LOW,Medium
IMG_9104 - Viren Viren.JPG,5.6499999999999995,8.23,63.28124999999998,even,LOW,Medium
IMG_9107 - Viren Viren.JPG,5.493333333333333,8.13,60.83333333333333,even,LOW,Medium
IMG_9110 - Viren Viren.JPG,3.055,4.64,22.734375,center_wear,LOW,High
IMG_9113 - Viren Viren.JPG,1.2325,1.59,0.0,critical_wear,CRITICAL,Immediate
IMG_9116 - Viren Viren.JPG,4.65,6.85,47.65625,even,LOW,Medium
IMG_9119 - Viren Viren.JPG,4.926666666666667,6.98,51.979166666666664,uneven_wear,LOW,Medium
IMG_9123 - Viren Viren.JPG,5.2,7.15,56.25,uneven_wear,LOW,Medium
IMG_9126 - Viren Viren.JPG,5.366666666666667,7.25,58.85416666666667,uneven_wear,LOW,Medium
IMG_9129 - Viren Viren.JPG,5.760000000000001,8.3,65.0,even,LOW,Medium
IMG_9132 - Viren Viren.JPG,4.076666666666667,6.85,38.69791666666667,center_wear,LOW,High
IMG_9135 - Viren Viren.JPG,4.38,6.64,43.43749999999999,uneven_wear,LOW,Medium
IMG_9138 - Viren Viren.JPG,4.87,7.34,51.09374999999999,center_wear,LOW,Medium
IMG_9200 - Viren Viren.JPG,3.8125,5.33,34.57031249999999,edge_wear,LOW,High
IMG_9301 - Viren Viren.JPG,5.5,7.74,60.9375,center_wear,LOW,Medium
IMG_9304 - Viren Viren.JPG,0.825,1.37,0.0,critical_wear,CRITICAL,Immediate
IMG_9307 - Viren Viren.JPG,0.6399999999999999,1.26,0.0,critical_wear,CRITICAL,Immediate
IMG_9310 - Viren Viren.JPG,6.890000000000001,8.61,82.65625000000001,center_wear,LOW,Low
IMG_9314 - Viren Viren.JPG,6.507499999999999,8.77,76.67968749999999,even,LOW,Low
IMG_9317 - Viren Viren.JPG,7.049999999999999,8.71,85.15624999999999,center_wear,LOW,Low
IMG_9320 - Viren Viren.JPG,6.865,8.59,82.26562500000001,center_wear,LOW,Low
IMG_9323 - Viren Viren.JPG,7.36,8.5,89.99999999999999,uneven_wear,LOW,Low
IMG_9326[1] - Viren Viren.JPG,6.87,8.59,82.34375,center_wear,LOW,Low
IMG_9329 - Viren Viren.JPG,6.685,8.48,79.45312499999999,center_wear,LOW,Low
IMG_9332 - Viren Viren.JPG,3.6100000000000003,5.51,31.406250000000004,center_wear,LOW,High
IMG_9335 - Viren Viren.JPG,4.025,6.42,37.890625,uneven_wear,LOW,High
IMG_9344 - Viren Viren.JPG,3.2825,5.7,26.2890625,even,LOW,High
IMG_9347 - Viren Viren.JPG,3.6449999999999996,5.13,31.95312499999999,uneven_wear,LOW,High
IMG_9350 - Viren Viren.JPG,3.425,5.79,28.515624999999993,even,LOW,High
IMG_9353 - Viren Viren.JPG,3.2224999999999997,5.66,25.351562499999993,even,LOW,High
IMG_9356 - Viren Viren.JPG,3.2424999999999997,4.88,25.66406249999999,uneven_wear,LOW,High
IMG_9359 - Viren Viren.JPG,4.376666666666667,7.44,43.385416666666664,even,LOW,Medium
IMG_9362 - Viren Viren.JPG,5.16,7.12,55.625,uneven_wear,LOW,Medium
IMG_9365 - Viren Viren.JPG,4.086666666666667,7.25,38.854166666666664,even,LOW,High
IMG_9368 - Viren Viren.JPG,4.826666666666667,7.72,50.416666666666664,even,LOW,Medium
IMG_9371 - Viren Viren.JPG,3.4625,5.01,29.101562499999993,uneven_wear,LOW,High
IMG_9374 - Viren Viren.JPG,4.5649999999999995,6.75,46.328124999999986,uneven_wear,LOW,Medium
IMG_9377 - Viren Viren.JPG,5.0075,7.43,53.24218750000001,center_wear,LOW,Medium
IMG_9380 - Viren Viren.JPG,4.140000000000001,6.49,39.6875,uneven_wear,LOW,High
IMG_9383 - Viren Viren.JPG,5.349999999999999,7.24,58.59374999999998,uneven_wear,LOW,Medium
IMG_9386 - Viren Viren.JPG,4.986666666666667,7.02,52.916666666666664,uneven_wear,LOW,Medium
IMG_9389 - Viren Viren.JPG,5.566666666666667,7.38,61.97916666666667,uneven_wear,LOW,Medium
IMG_9392 - Viren Viren.JPG,4.57,7.56,46.40625,even,LOW,Medium
IMG_9395 - Viren Viren.JPG,2.24,5.05,10.000000000000002,even,MODERATE,Immediate
IMG_9398 - Viren Viren.JPG,2.263333333333333,4.66,10.36458333333333,center_wear,MODERATE,Immediate
IMG_9404 - Viren Viren.JPG,2.5533333333333332,5.25,14.89583333333333,even,MODERATE,Immediate
IMG_9407 - Viren Viren.JPG,3.1833333333333336,4.84,24.739583333333336,uneven_wear,LOW,High
IMG_9410 - Viren Viren.JPG,2.953333333333333,4.7,21.14583333333333,uneven_wear,MODERATE,High
IMG_9413 - Viren Viren.JPG,7.3525,9.3,89.88281249999999,even,LOW,Low
IMG_9416 - Viren Viren.JPG,6.965,8.25,83.828125,uneven_wear,LOW,Low
IMG_9419 - Viren Viren.JPG,2.466666666666667,4.67,13.541666666666666,even,MODERATE,Immediate
IMG_9423 - Viren Viren.JPG,4.3500000000000005,6.68,42.96875000000001,even,LOW,Medium
IMG_9426 - Viren Viren.JPG,5.573333333333333,8.18,62.08333333333332,even,LOW,Medium
IMG_9429 - Viren Viren.JPG,5.2700000000000005,7.59,57.34375000000001,center_wear,LOW,Medium
IMG_9433 - Shubham Chodankar.JPG,1.8666666666666665,4.42,4.1666666666666625,center_wear,MODERATE,Immediate
IMG_9498 - Ubaid Elahi Baba.JPG,6.573333333333333,8.81,77.70833333333333,even,LOW,Low
IMG_9628 - Ubaid Elahi Baba.JPG,7.463333333333334,9.36,91.61458333333333,even,LOW,Low
IMG_9631 - Ubaid Elahi Baba.JPG,3.276666666666667,5.7,26.197916666666664,even,LOW,High
IMG_9634 - Ubaid Elahi Baba.JPG,3.425,4.99,28.515624999999993,uneven_wear,LOW,High
IMG_9637 - Ubaid Elahi Baba.JPG,2.94,5.09,20.937499999999996,center_wear,MODERATE,High
IMG_9640 - Ubaid Elahi Baba.JPG,3.5866666666666664,5.89,31.04166666666666,even,LOW,High
IMG_9643 - Ubaid Elahi Baba.JPG,3.3466666666666662,5.74,27.291666666666657,even,LOW,High
IMG_9646 - Ubaid Elahi Baba.JPG,4.7575,7.27,49.3359375,center_wear,LOW,Medium
IMG_9649 - Ubaid Elahi Baba.JPG,6.450000000000001,8.33,75.78125000000003,center_wear,LOW,Low
IMG_9652 - Ubaid Elahi Baba.JPG,2.165,4.2,8.828125,uneven_wear,MODERATE,Immediate
IMG_9655 - Ubaid Elahi Baba.JPG,2.93,5.48,20.78125,even,MODERATE,High
IMG_9658 - Ubaid Elahi Baba.JPG,6.096666666666667,7.71,70.26041666666666,uneven_wear,LOW,Low
IMG_9662 - Ubaid Elahi Baba.JPG,5.59,7.39,62.34375,uneven_wear,LOW,Medium
IMG_9665 - Ubaid Elahi Baba.JPG,6.31,7.84,73.59374999999999,uneven_wear,LOW,Low
IMG_9668 - Ubaid Elahi Baba.JPG,6.613333333333333,8.83,78.33333333333333,even,LOW,Low
IMG_9671 - Ubaid Elahi Baba.JPG,5.933333333333334,7.61,67.70833333333334,uneven_wear,LOW,Medium
IMG_9674 - Ubaid Elahi Baba.JPG,6.956666666666667,9.05,83.69791666666667,even,LOW,Low
IMG_9677 - Ubaid Elahi Baba.JPG,5.603333333333333,8.2,62.55208333333331,even,LOW,Medium
IMG_9680 - Ubaid Elahi Baba.JPG,4.903333333333333,7.76,51.61458333333333,even,LOW,Medium
IMG_9683 - Ubaid Elahi Baba.JPG,4.726666666666667,7.65,48.85416666666666,even,LOW,Medium
IMG_9686 - Ubaid Elahi Baba.JPG,5.966666666666666,7.73,68.22916666666664,edge_wear,LOW,Medium
IMG_9689 - Ubaid Elahi Baba.JPG,5.3999999999999995,8.07,59.374999999999986,even,LOW,Medium
IMG_9692 - Ubaid Elahi Baba.JPG,3.9425,5.31,36.60156249999999,uneven_wear,LOW,High
IMG_9695 - Ubaid Elahi Baba.JPG,5.5525,8.17,61.7578125,even,LOW,Medium
IMG_9698 - Ubaid Elahi Baba.JPG,5.435,8.1,59.92187499999999,even,LOW,Medium
IMG_9701 - Ubaid Elahi Baba.JPG,6.1274999999999995,8.13,70.7421875,center_wear,LOW,Low
IMG_9704 - Ubaid Elahi Baba.JPG,4.6675,7.22,47.9296875,center_wear,LOW,Medium
IMG_9707 - Ubaid Elahi Baba.JPG,4.7675,7.28,49.49218749999999,center_wear,LOW,Medium
IMG_9710 - Ubaid Elahi Baba.JPG,6.2475,8.2,72.61718749999999,center_wear,LOW,Low
IMG_9713 - Ubaid Elahi Baba.JPG,3.5500000000000003,5.87,30.46875,even,LOW,High
IMG_9716 - Ubaid Elahi Baba.JPG,3.82,5.64,34.68749999999999,center_wear,LOW,High
IMG_9719 - Ubaid Elahi Baba.JPG,3.5400000000000005,5.06,30.312500000000004,uneven_wear,LOW,High
IMG_9722 - Ubaid Elahi Baba.JPG,3.9333333333333336,5.31,36.45833333333333,uneven_wear,LOW,High
IMG_9725 - Ubaid Elahi Baba.JPG,3.206666666666667,5.65,25.104166666666668,even,LOW,High
IMG_9729 - Ubaid Elahi Baba.JPG,3.6666666666666665,5.14,32.291666666666664,uneven_wear,LOW,High
IMG_9733 - Ubaid Elahi Baba.JPG,5.206666666666667,7.95,56.35416666666667,even,LOW,Medium
IMG_9736 - Ubaid Elahi Baba.JPG,3.026666666666667,4.74,22.291666666666668,uneven_wear,LOW,High
IMG_9740 - Ubaid Elahi Baba.JPG,3.3800000000000003,4.96,27.8125,uneven_wear,LOW,High
IMG_9744 - Ubaid Elahi Baba.JPG,3.3699999999999997,5.76,27.656249999999993,even,LOW,High
IMG_9747 - Ubaid Elahi Baba.JPG,3.103333333333333,5.59,23.48958333333333,even,LOW,High
IMG_9750 - Ubaid Elahi Baba.JPG,2.69,4.53,17.031249999999996,uneven_wear,MODERATE,Immediate
IMG_9753 - Ubaid Elahi Baba.JPG,3.35,4.94,27.34375,uneven_wear,LOW,High
IMG_9492 - Ubaid Elahi Baba.JPG,3.7900000000000005,5.22,34.21875,uneven_wear,LOW,High
IMG_9501 - Ubaid Elahi Baba.JPG,4.64,7.6,47.49999999999999,even,LOW,Medium
IMG_9504 - Ubaid Elahi Baba.JPG,3.3700000000000006,4.96,27.656250000000004,uneven_wear,LOW,High
IMG_9507 - Ubaid Elahi Baba.JPG,6.44,7.92,75.625,uneven_wear,LOW,Low
IMG_9510 - Ubaid Elahi Baba.JPG,4.88,6.95,51.24999999999999,uneven_wear,LOW,Medium
IMG_9513 - Ubaid Elahi Baba.JPG,6.48,8.75,76.25,even,LOW,Low
IMG_9516 - Ubaid Elahi Baba.JPG,4.416666666666667,6.66,44.01041666666667,uneven_wear,LOW,Medium
IMG_9519 - Ubaid Elahi Baba.JPG,3.165,4.83,24.453124999999996,uneven_wear,LOW,High
IMG_9522 - Ubaid Elahi Baba.JPG,5.305,7.62,57.89062499999999,center_wear,LOW,Medium
IMG_9525 - Ubaid Elahi Baba.JPG,5.4375,8.1,59.9609375,even,LOW,Medium
IMG_9528 - Ubaid Elahi Baba.JPG,5.972499999999999,8.03,68.32031249999999,center_wear,LOW,Medium
IMG_9531 - Ubaid Elahi Baba.JPG,5.416666666666667,8.09,59.635416666666664,even,LOW,Medium
IMG_9534 - Ubaid Elahi Baba.JPG,5.829999999999999,8.34,66.09374999999997,even,LOW,Medium
IMG_9537 - Ubaid Elahi Baba.JPG,6.786666666666666,8.94,81.04166666666664,even,LOW,Low
IMG_9544 - Ubaid Elahi Baba.JPG,5.383333333333333,7.26,59.11458333333333,uneven_wear,LOW,Medium
IMG_9547 - Ubaid Elahi Baba.JPG,6.896666666666666,8.21,82.76041666666664,uneven_wear,LOW,Low
IMG_9550 - Ubaid Elahi Baba.JPG,7.803333333333334,9.58,96.92708333333333,even,LOW,Low
IMG_9553 - Ubaid Elahi Baba.JPG,7.890000000000001,9.63,98.28125000000001,even,LOW,Low
IMG_9556 - Ubaid Elahi Baba.JPG,3.4233333333333333,4.58,28.48958333333333,edge_wear,MODERATE,High
IMG_9559 - Ubaid Elahi Baba.JPG,2.49,5.21,13.90625,even,MODERATE,Immediate
IMG_9562 - Ubaid Elahi Baba.JPG,2.6966666666666668,5.34,17.135416666666668,even,MODERATE,Immediate
IMG_9565 - Ubaid Elahi Baba.JPG,0.3666666666666667,1.23,0.0,critical_wear,CRITICAL,Immediate
IMG_9568 - Ubaid Elahi Baba.JPG,2.21,3.81,9.531249999999998,uneven_wear,HIGH,Immediate
IMG_9571 - Ubaid Elahi Baba.JPG,3.0025,5.53,21.914062499999996,even,LOW,High
IMG_9574 - Ubaid Elahi Baba.JPG,2.0625,3.73,7.226562499999998,uneven_wear,HIGH,Immediate
IMG_9577 - Ubaid Elahi Baba.JPG,3.8866666666666667,4.75,35.729166666666664,uneven_wear,MODERATE,High
IMG_9580 - Ubaid Elahi Baba.JPG,1.1,1.69,0.0,critical_wear,CRITICAL,Immediate
IMG_9583 - Ubaid Elahi Baba.JPG,1.0250000000000001,1.64,0.0,critical_wear,CRITICAL,Immediate
IMG_9586 - Ubaid Elahi Baba.JPG,4.115,7.27,39.296875,even,LOW,High
IMG_9589 - Ubaid Elahi Baba.JPG,6.72,8.9,79.99999999999999,even,LOW,Low
IMG_9592 - Ubaid Elahi Baba.JPG,6.536666666666666,7.99,77.13541666666664,uneven_wear,LOW,Low
IMG_9595 - Ubaid Elahi Baba.JPG,1.3625,1.85,0.0,critical_wear,CRITICAL,Immediate
IMG_9598 - Ubaid Elahi Baba.JPG,1.0074999999999998,1.63,0.0,critical_wear,CRITICAL,Immediate
IMG_9601 - Ubaid Elahi Baba.JPG,1.0925,1.68,0.0,critical_wear,CRITICAL,Immediate
IMG_9604 - Ubaid Elahi Baba.JPG,4.1033333333333335,6.46,39.11458333333333,uneven_wear,LOW,High
IMG_9607 - Ubaid Elahi Baba.JPG,1.8399999999999999,4.4,3.7499999999999964,center_wear,MODERATE,Immediate
IMG_9610 - Ubaid Elahi Baba.JPG,2.1,4.56,7.8125,center_wear,MODERATE,Immediate
IMG_9613 - Ubaid Elahi Baba.JPG,7.5,9.39,92.1875,even,LOW,Low
IMG_9616 - Ubaid Elahi Baba.JPG,7.503333333333333,9.39,92.23958333333331,even,LOW,Low
IMG_9619 - Ubaid Elahi Baba.JPG,7.753333333333334,9.55,96.14583333333334,even,LOW,Low
IMG_9622 - Ubaid Elahi Baba.JPG,7.426666666666667,9.34,91.04166666666666,even,LOW,Low
IMG_9847 - Viren Viren.JPG,4.763333333333333,7.68,49.42708333333332,even,LOW,Medium
IMG_9850 - Viren Viren.JPG,5.86,8.36,66.56249999999999,even,LOW,Medium
IMG_9853 - Viren Viren.JPG,5.7375,8.29,64.64843749999999,even,LOW,Medium
IMG_9856 - Viren Viren.JPG,5.296666666666667,7.21,57.76041666666667,uneven_wear,LOW,Medium
IMG_9859 - Viren Viren.JPG,5.63,7.42,62.968749999999986,uneven_wear,LOW,Medium
IMG_9862 - Viren Viren.JPG,5.3500000000000005,8.04,58.59375,even,LOW,Medium
IMG_9866 - Viren Viren.JPG,1.7566666666666666,4.75,2.4479166666666643,even,MODERATE,Immediate
IMG_9869 - Viren Viren.JPG,5.02,7.84,53.43749999999999,even,LOW,Medium
IMG_9872 - Viren Viren.JPG,5.1466666666666665,7.12,55.41666666666666,uneven_wear,LOW,Medium
IMG_9875 - Viren Viren.JPG,4.216666666666668,6.64,40.88541666666668,edge_wear,LOW,Medium
IMG_9878 - Viren Viren.JPG,2.3575,4.25,11.835937499999998,center_wear,MODERATE,Immediate
IMG_9882 - Viren Viren.JPG,3.455,4.87,28.984374999999996,center_wear,LOW,High
IMG_9885 - Viren Viren.JPG,1.6875,3.51,1.3671874999999987,uneven_wear,HIGH,Immediate
IMG_9888 - Viren Viren.JPG,6.992500000000001,8.67,84.2578125,center_wear,LOW,Low
IMG_9891 - Viren Viren.JPG,7.4575,8.96,91.5234375,center_wear,LOW,Low
IMG_9894 - Viren Viren.JPG,6.92,8.62,83.125,center_wear,LOW,Low
IMG_9897 - Viren Viren.JPG,7.2225,8.81,87.8515625,center_wear,LOW,Low
IMG_9900 - Viren Viren.JPG,6.22,7.79,72.18749999999999,uneven_wear,LOW,Low
IMG_9903 - Viren Viren.JPG,6.833333333333333,8.17,81.77083333333331,uneven_wear,LOW,Low
IMG_9906 - Viren Viren.JPG,6.419999999999999,8.71,75.31249999999997,even,LOW,Low
IMG_9910 - Viren Viren.JPG,2.5375,4.84,14.6484375,center_wear,MODERATE,Immediate
IMG_9913 - Viren Viren.JPG,2.9575,5.1,21.2109375,center_wear,MODERATE,High
IMG_9916 - Viren Viren.JPG,2.815,4.61,18.984374999999996,uneven_wear,MODERATE,Immediate
IMG_9919 - Viren Viren.JPG,3.2275,5.27,25.429687499999996,center_wear,LOW,High
IMG_9923 - Viren Viren.JPG,3.8200000000000003,5.64,34.6875,center_wear,LOW,High
IMG_9926 - Viren Viren.JPG,5.6525,7.83,63.3203125,center_wear,LOW,Medium
IMG_9930 - Viren Viren.JPG,6.07,8.09,69.84375,center_wear,LOW,Medium
IMG_9934 - Viren Viren.JPG,3.9375,5.71,36.52343749999999,center_wear,LOW,High
IMG_9938 - Viren Viren.JPG,7.49,9.38,92.03125000000001,even,LOW,Low
IMG_9942 - Viren Viren.JPG,7.4025,8.53,90.6640625,uneven_wear,LOW,Low
IMG_9946 - Viren Viren.JPG,7.9575,9.27,99.3359375,center_wear,LOW,Low
IMG_9950 - Viren Viren.JPG,8.1025,8.9,100.0,uneven_wear,LOW,Low
IMG_9954 - Viren Viren.JPG,4.073333333333333,6.45,38.64583333333333,uneven_wear,LOW,High
IMG_9957 - Viren Viren.JPG,3.9166666666666665,5.3,36.197916666666664,uneven_wear,LOW,High
IMG_9960 - Viren Viren.JPG,3.66,5.14,32.1875,uneven_wear,LOW,High
IMG_9963 - Viren Viren.JPG,3.7733333333333334,5.21,33.95833333333333,uneven_wear,LOW,High
IMG_9966 - Viren Viren.JPG,5.6425,7.43,63.16406250000001,uneven_wear,LOW,Medium
IMG_9970 - Viren Viren.JPG,1.655,3.85,0.859374999999999,center_wear,MODERATE,Immediate
IMG_9974 - Viren Viren.JPG,5.510000000000001,8.14,61.09375,even,LOW,Medium
IMG_9977 - Viren Viren.JPG,5.507499999999999,7.74,61.054687499999986,center_wear,LOW,Medium
IMG_9980 - Viren Viren.JPG,6.676666666666667,8.07,79.32291666666666,uneven_wear,LOW,Low
IMG_9983 - Viren Viren.JPG,4.385,6.34,43.51562499999999,center_wear,LOW,Medium
IMG_9986 - Viren Viren.JPG,6.739999999999999,8.91,80.31249999999997,even,LOW,Low
IMG_9989 - Viren Viren.JPG,7.3933333333333335,9.32,90.52083333333333,even,LOW,Low
IMG_9992 - Viren Viren.JPG,7.38,8.51,90.31249999999999,uneven_wear,LOW,Low
IMG_9995 - Viren Viren.JPG,6.239999999999999,8.6,72.49999999999997,even,LOW,Low
IMG_9998 - Viren Viren.JPG,6.293333333333333,8.63,73.33333333333333,even,LOW,Low
IMG_0002 - Viren Viren.JPG,6.956666666666667,8.25,83.69791666666667,uneven_wear,LOW,Low
IMG_0005 - Viren Viren.JPG,6.483333333333333,8.75,76.30208333333333,even,LOW,Low
IMG_0008 - Viren Viren.JPG,6.1066666666666665,7.72,70.41666666666664,uneven_wear,LOW,Low
IMG_0011 - Viren Viren.JPG,7.543333333333333,8.61,92.86458333333333,uneven_wear,LOW,Low
IMG_0014 - Viren Viren.JPG,7.43,9.34,91.09375,even,LOW,Low
IMG_0017 - Viren Viren.JPG,5.82,6.79,65.9375,uneven_wear,MODERATE,Medium
IMG_0020 - Viren Viren.JPG,3.135,5.61,23.984374999999993,even,LOW,High
IMG_0023 - Viren Viren.JPG,2.936666666666667,4.69,20.88541666666667,uneven_wear,MODERATE,High
IMG_0026 - Viren Viren.JPG,2.4425,4.78,13.164062499999996,center_wear,MODERATE,Immediate
IMG_0029 - Viren Viren.JPG,1.715,4.25,1.7968749999999998,even,MODERATE,Immediate
IMG_0032 - Viren Viren.JPG,6.846666666666667,8.18,81.97916666666666,uneven_wear,LOW,Low
IMG_0035 - Viren Viren.JPG,3.76,5.2,33.74999999999999,uneven_wear,LOW,High
IMG_0038 - Viren Viren.JPG,2.39,4.34,12.34375,uneven_wear,MODERATE,Immediate
IMG_0041 - Viren Viren.JPG,1.1,1.69,0.0,critical_wear,CRITICAL,Immediate
IMG_0044 - Viren Viren.JPG,6.57,8.01,77.65625,uneven_wear,LOW,Low
IMG_0047 - Viren Viren.JPG,6.726666666666667,8.1,80.10416666666667,uneven_wear,LOW,Low
IMG_0050 - Viren Viren.JPG,4.036666666666666,6.42,38.07291666666666,uneven_wear,LOW,High
IMG_0053 - Viren Viren.JPG,3.3866666666666667,4.97,27.91666666666666,uneven_wear,LOW,High
IMG_0056 - Viren Viren.JPG,6.136666666666667,8.54,70.88541666666667,even,LOW,Low
IMG_0059 - Viren Viren.JPG,6.05,8.48,69.53124999999999,even,LOW,Medium
IMG_0144 - Viren Viren.JPG,5.976666666666667,8.44,68.38541666666667,even,LOW,Medium
IMG_0147 - Viren Viren.JPG,5.640000000000001,8.22,63.12500000000001,even,LOW,Medium
IMG_0150 - Viren Viren.JPG,4.946666666666666,6.99,52.29166666666666,uneven_wear,LOW,Medium
IMG_0153 - Viren Viren.JPG,4.743333333333333,6.86,49.11458333333333,uneven_wear,LOW,Medium
IMG_0156 - Viren Viren.JPG,2.473333333333333,5.2,13.645833333333329,even,MODERATE,Immediate
IMG_0159 - Viren Viren.JPG,3.9433333333333334,5.31,36.61458333333333,uneven_wear,LOW,High
IMG_0162 - Viren Viren.JPG,4.043333333333334,6.43,38.17708333333334,uneven_wear,LOW,High
IMG_0165 - Viren Viren.JPG,2.3966666666666665,4.35,12.447916666666663,uneven_wear,MODERATE,Immediate
IMG_0168 - Viren Viren.JPG,4.297499999999999,6.59,42.148437499999986,uneven_wear,LOW,Medium
IMG_0171 - Viren Viren.JPG,4.42,7.06,44.06249999999999,center_wear,LOW,Medium
IMG_0175 - Viren Viren.JPG,4.3925,7.05,43.63281249999999,center_wear,LOW,Medium
IMG_0177 - Viren Viren.JPG,4.369999999999999,7.03,43.281249999999986,center_wear,LOW,Medium
IMG_0179 - Viren Viren.JPG,5.545,7.37,61.64062499999999,uneven_wear,LOW,Medium
IMG_0181 - Viren Viren.JPG,6.347499999999999,8.67,74.17968749999999,even,LOW,Low
IMG_0184 - Viren Viren.JPG,6.5725,8.81,77.6953125,even,LOW,Low
IMG_0187 - Viren Viren.JPG,5.5575,8.17,61.83593749999999,even,LOW,Medium
IMG_0189 - Viren Viren.JPG,7.034999999999999,8.7,84.92187499999999,center_wear,LOW,Low
IMG_0192 - Viren Viren.JPG,6.825000000000001,8.17,81.64062500000003,uneven_wear,LOW,Low
IMG_0195 - Viren Viren.JPG,6.5275,8.78,76.9921875,even,LOW,Low
IMG_0200 - Viren Viren.JPG,6.657500000000001,8.06,79.02343750000001,uneven_wear,LOW,Low
IMG_0203 - Viren Viren.JPG,5.579999999999999,8.19,62.187499999999986,even,LOW,Medium
IMG_0206 - Viren Viren.JPG,5.913333333333333,8.4,67.39583333333331,even,LOW,Medium
IMG_0209 - Viren Viren.JPG,5.489999999999999,7.33,60.781249999999986,uneven_wear,LOW,Medium
IMG_0212 - Viren Viren.JPG,6.533333333333334,8.78,77.08333333333334,even,LOW,Low
IMG_0217 - Viren Viren.JPG,2.206666666666667,5.03,9.47916666666667,even,MODERATE,Immediate
IMG_0222 - Viren Viren.JPG,3.1225,4.8,23.7890625,uneven_wear,LOW,High
IMG_0224 - Viren Viren.JPG,3.3200000000000003,4.82,26.875,one_sided_wear,LOW,High
IMG_0227 - Viren Viren.JPG,1.9324999999999999,4.06,5.1953124999999964,uneven_wear,MODERATE,Immediate
IMG_0230 - Viren Viren.JPG,3.78,4.69,34.06249999999999,uneven_wear,MODERATE,High
IMG_0233 - Viren Viren.JPG,6.036666666666666,7.67,69.32291666666664,uneven_wear,LOW,Medium
IMG_0236 - Viren Viren.JPG,6.173333333333333,8.56,71.45833333333331,even,LOW,Low
IMG_0239 - Viren Viren.JPG,6.456666666666667,8.74,75.88541666666667,even,LOW,Low
IMG_0243 - Viren Viren.JPG,4.6274999999999995,7.19,47.304687499999986,center_wear,LOW,Medium
IMG_0247 - Viren Viren.JPG,5.34,7.64,58.4375,center_wear,LOW,Medium
IMG_0249 - Viren Viren.JPG,5.64,7.82,63.124999999999986,center_wear,LOW,Medium
IMG_0252 - Viren Viren.JPG,5.045,6.95,53.82812499999999,one_sided_wear,LOW,Medium
IMG_0256 - Viren Viren.JPG,6.2325,8.2,72.3828125,center_wear,LOW,Low
IMG_0260 - Viren Viren.JPG,4.795,6.9,49.92187499999999,uneven_wear,LOW,Medium
IMG_0262 - Viren Viren.JPG,4.27,6.97,41.718749999999986,center_wear,LOW,Medium
IMG_0265 - Viren Viren.JPG,6.13,8.13,70.78124999999999,center_wear,LOW,Low
IMG_0268 - Viren Viren.JPG,5.793333333333333,8.32,65.52083333333333,even,LOW,Medium
IMG_0271 - Viren Viren.JPG,4.27,7.37,41.718749999999986,even,LOW,Medium
IMG_0274 - Viren Viren.JPG,3.9866666666666664,6.14,37.29166666666666,even,LOW,High
IMG_0277 - Viren Viren.JPG,5.53,8.16,61.40624999999999,even,LOW,Medium
IMG_0281 - Viren Viren.JPG,6.2775,8.22,73.0859375,center_wear,LOW,Low
IMG_0284 - Viren Viren.JPG,4.685,6.83,48.20312499999999,uneven_wear,LOW,Medium
IMG_0286 - Viren Viren.JPG,4.43,6.67,44.21874999999999,uneven_wear,LOW,Medium
IMG_0289 - Viren Viren.JPG,6.17,8.16,71.40625,center_wear,LOW,Low
IMG_0293 - Viren Viren.JPG,6.197500000000001,7.77,71.8359375,uneven_wear,LOW,Low
IMG_0296 - Viren Viren.JPG,5.145,7.12,55.39062499999999,uneven_wear,LOW,Medium
IMG_0298 - Viren Viren.JPG,5.235,7.17,56.796875,uneven_wear,LOW,Medium
IMG_0301 - Viren Viren.JPG,6.29,7.83,73.28124999999999,uneven_wear,LOW,Low
IMG_0304 - Viren Viren.JPG,7.047499999999999,8.3,85.11718749999999,uneven_wear,LOW,Low
IMG_0308 - Viren Viren.JPG,7.1425,8.76,86.6015625,center_wear,LOW,Low
IMG_0310 - Viren Viren.JPG,7.04,8.7,84.99999999999999,center_wear,LOW,Low
IMG_0313 - Viren Viren.JPG,7.0425,8.7,85.0390625,center_wear,LOW,Low
IMG_0317 - Viren Viren.JPG,5.56,8.18,61.87499999999999,even,LOW,Medium
IMG_0320 - Viren Viren.JPG,5.3933333333333335,8.07,59.27083333333333,even,LOW,Medium
IMG_0322 - Viren Viren.JPG,5.403333333333333,8.08,59.42708333333333,even,LOW,Medium
IMG_0325 - Viren Viren.JPG,5.793333333333333,8.32,65.52083333333333,even,LOW,Medium
IMG_0329 - Viren Viren.JPG,5.07,7.07,54.21875000000001,uneven_wear,LOW,Medium
IMG_0332 - Viren Viren.JPG,3.8266666666666667,5.08,34.791666666666664,center_wear,LOW,High
IMG_0335 - Viren Viren.JPG,4.36,6.68,43.125,even,LOW,Medium
IMG20260325155830 - Viren Viren.jpg,5.653333333333333,8.23,63.33333333333332,even,LOW,Medium
IMG20260325155758 - Viren Viren.jpg,5.756666666666667,8.3,64.94791666666666,even,LOW,Medium
IMG20260325155725 - Viren Viren.jpg,5.260000000000001,7.99,57.1875,even,LOW,Medium
IMG20260325155646 - Viren Viren.jpg,5.813333333333333,8.33,65.83333333333331,even,LOW,Medium
IMG20260325155613 - Viren Viren.jpg,3.7733333333333334,5.21,33.95833333333333,uneven_wear,LOW,High
IMG20260325155539 - Viren Viren.jpg,6.079999999999999,8.5,69.99999999999997,even,LOW,Medium
IMG20260325155505 - Viren Viren.jpg,6.06,8.49,69.68749999999999,even,LOW,Medium
IMG20260325155439 - Viren Viren.jpg,6.353333333333333,8.67,74.27083333333331,even,LOW,Low
IMG20260325155356 - Viren Viren.jpg,5.726666666666667,7.48,64.47916666666667,uneven_wear,LOW,Medium
IMG20260325155332 - Viren Viren.jpg,3.3666666666666667,4.95,27.604166666666664,uneven_wear,LOW,High
IMG20260325155257[1] - Viren Viren.jpg,3.6133333333333333,5.11,31.45833333333333,uneven_wear,LOW,High
IMG20260325155222[1] - Viren Viren.jpg,6.123333333333334,8.53,70.67708333333333,even,LOW,Low
IMG20260325155146[1] - Viren Viren.jpg,4.08,6.85,38.74999999999999,center_wear,LOW,High
IMG20260325155103[1] - Viren Viren.jpg,5.71,7.87,64.21874999999999,center_wear,LOW,Medium
IMG20260325155025[1] - Viren Viren.jpg,5.486666666666667,8.13,60.729166666666664,even,LOW,Medium
IMG20260325154958[1] - Viren Viren.jpg,4.0775,6.45,38.71093749999999,uneven_wear,LOW,High
IMG20260325154919[1] - Viren Viren.jpg,5.6775,7.85,63.71093750000001,center_wear,LOW,Medium
IMG20260325154814[1] - Viren Viren.jpg,5.2675,7.59,57.30468749999999,center_wear,LOW,Medium
IMG20260325154706[1] - Viren Viren.jpg,4.6075,7.18,46.99218749999999,center_wear,LOW,Medium
IMG20260325154629[1] - Viren Viren.jpg,4.694999999999999,6.83,48.359374999999986,uneven_wear,LOW,Medium
IMG20260325154559[1] - Viren Viren.jpg,4.1866666666666665,7.32,40.416666666666664,even,LOW,Medium
IMG20260325154528[1] - Viren Viren.jpg,3.7399999999999998,5.99,33.43749999999999,even,LOW,High
IMG20260325154502 - Viren Viren.jpg,5.586666666666667,7.39,62.291666666666664,uneven_wear,LOW,Medium
IMG20260325154442[1] - Viren Viren.jpg,5.596666666666667,8.2,62.44791666666666,even,LOW,Medium
IMG20260325154416 - Viren Viren.jpg,3.4433333333333334,5.8,28.80208333333333,even,LOW,High
IMG20260325154346[1] - Viren Viren.jpg,4.22,7.34,40.93749999999999,even,LOW,Medium
IMG20260325154313[1] - Viren Viren.jpg,3.845,6.05,35.078125,even,LOW,High
IMG20260325154240[1] - Viren Viren.jpg,1.28,1.8,0.0,critical_wear,CRITICAL,Immediate
IMG20260325154151[1] - Viren Viren.jpg,1.6150000000000002,4.26,0.23437500000000194,center_wear,MODERATE,Immediate
IMG20260325154109 - Viren Viren.jpg,3.4225000000000003,4.99,28.476562500000004,uneven_wear,LOW,High
IMG20260325154018 - Viren Viren.jpg,3.1,5.19,23.4375,center_wear,LOW,High
IMG20260325153941 - Viren Viren.jpg,1.7774999999999999,4.76,2.7734374999999964,even,MODERATE,Immediate
IMG20260325153836 - Viren Viren.jpg,4.11,6.87,39.21875,center_wear,LOW,High
IMG20260325153756 - Viren Viren.jpg,3.82,5.24,34.68749999999999,uneven_wear,LOW,High
IMG20260325153652 - Viren Viren.jpg,2.2266666666666666,5.04,9.791666666666664,even,MODERATE,Immediate
IMG20260325153624 - Viren Viren.jpg,3.64,5.92,31.874999999999996,even,LOW,High
IMG20260325153543 - Viren Viren.jpg,4.715,7.65,48.67187499999999,even,LOW,Medium
IMG20260325153512 - Viren Viren.jpg,2.9774999999999996,4.71,21.523437499999993,uneven_wear,MODERATE,High
IMG20260325153420 - Viren Viren.jpg,2.005,4.9,6.328124999999997,even,MODERATE,Immediate
IMG20260325153335 - Viren Viren.jpg,4.765,7.68,49.45312499999999,even,LOW,Medium
IMG20260330120034 - Viren Viren.jpg,5.8775,8.37,66.8359375,even,LOW,Medium
IMG20260330120203 - Viren Viren.jpg,2.5866666666666664,5.27,15.416666666666663,even,MODERATE,Immediate
IMG20260330120232 - Viren Viren.jpg,3.435,4.9,28.671874999999996,one_sided_wear,LOW,High
IMG20260330120339 - Viren Viren.jpg,5.006666666666667,7.03,53.22916666666666,uneven_wear,LOW,Medium
IMG20260330120413 - Viren Viren.jpg,4.496666666666667,6.81,45.26041666666667,edge_wear,LOW,Medium
IMG20260330120440 - Viren Viren.jpg,3.8175,5.64,34.64843749999999,center_wear,LOW,High
IMG20260330120518 - Viren Viren.jpg,4.123333333333334,6.48,39.42708333333334,uneven_wear,LOW,High
IMG20260330120547 - Viren Viren.jpg,1.8475,4.4,3.8671874999999973,center_wear,MODERATE,Immediate
IMG20260330120615 - Viren Viren.jpg,5.862500000000001,7.46,66.60156250000001,one_sided_wear,LOW,Medium
IMG20260330120641 - Viren Viren.jpg,2.0025000000000004,4.5,6.289062500000004,center_wear,MODERATE,Immediate
IMG20260330120720 - Viren Viren.jpg,4.1875,6.92,40.42968749999999,center_wear,LOW,Medium
IMG20260330120746 - Viren Viren.jpg,2.775,4.58,18.359374999999996,uneven_wear,MODERATE,Immediate
IMG20260330120816 - Viren Viren.jpg,4.5,7.11,45.31249999999999,center_wear,LOW,Medium
IMG20260330120916 - Viren Viren.jpg,5.645,8.23,63.20312499999999,even,LOW,Medium
IMG20260330121012 - Viren Viren.jpg,4.0925,6.86,38.9453125,center_wear,LOW,High
IMG20260330121053 - Viren Viren.jpg,1.9466666666666665,4.07,5.416666666666663,uneven_wear,MODERATE,Immediate
IMG20260330121118 - Viren Viren.jpg,4.920000000000001,6.98,51.87500000000001,uneven_wear,LOW,Medium
IMG20260330121143 - Viren Viren.jpg,3.885,5.28,35.70312499999999,uneven_wear,LOW,High
IMG20260330121219 - Viren Viren.jpg,2.9349999999999996,4.68,20.859374999999993,uneven_wear,MODERATE,High
IMG20260330121313 - Viren Viren.jpg,1.8675,4.12,4.179687499999997,edge_wear,MODERATE,Immediate
IMG20260330121512 - Viren Viren.jpg,1.7525,3.95,2.382812499999998,uneven_wear,MODERATE,Immediate
IMG20260330121539 - Viren Viren.jpg,5.953333333333333,8.42,68.02083333333333,even,LOW,Medium
IMG20260330121605 - Viren Viren.jpg,7.31,9.27,89.21874999999999,even,LOW,Low
IMG20260330121637 - Viren Viren.jpg,3.206666666666667,5.65,25.104166666666668,even,LOW,High
IMG20260330121702 - Viren Viren.jpg,4.946666666666666,7.79,52.29166666666666,even,LOW,Medium
IMG20260330121731 - Viren Viren.jpg,4.86,7.34,50.9375,center_wear,LOW,Medium
IMG20260330121759 - Viren Viren.jpg,3.43,4.99,28.59375,uneven_wear,LOW,High
IMG20260330121827 - Viren Viren.jpg,6.566666666666667,8.0,77.60416666666666,uneven_wear,LOW,Low
IMG20260330121935 - Viren Viren.jpg,5.583333333333333,7.39,62.23958333333333,uneven_wear,LOW,Medium
IMG20260330122002 - Viren Viren.jpg,5.746666666666666,8.29,64.79166666666666,even,LOW,Medium
IMG20260330122037 - Viren Viren.jpg,4.193333333333334,6.52,40.52083333333334,uneven_wear,LOW,Medium
IMG20260330122110 - Viren Viren.jpg,4.633333333333334,6.8,47.395833333333336,uneven_wear,LOW,Medium
IMG20260330123443 - Viren Viren.jpg,2.86,5.04,19.687499999999996,center_wear,MODERATE,Immediate
IMG20260330123511 - Viren Viren.jpg,2.6525,4.91,16.445312499999996,center_wear,MODERATE,Immediate
IMG20260330123554 - Viren Viren.jpg,2.13,4.08,8.281249999999996,one_sided_wear,MODERATE,Immediate
IMG20260330123652 - Viren Viren.jpg,6.1025,8.11,70.35156249999999,center_wear,LOW,Low
IMG20260330123753 - Viren Viren.jpg,4.26,6.56,41.56249999999999,uneven_wear,LOW,Medium
IMG20260330123816 - Viren Viren.jpg,4.0600000000000005,7.24,38.4375,even,LOW,High
IMG20260330123854 - Viren Viren.jpg,3.0775,4.77,23.0859375,uneven_wear,LOW,High
IMG20260330123921 - Viren Viren.jpg,3.27,5.69,26.09375,even,LOW,High
IMG20260330123943 - Viren Viren.jpg,3.1875,5.24,24.804687499999996,center_wear,LOW,High
IMG20260330124012 - Viren Viren.jpg,2.8525,5.03,19.570312499999996,center_wear,MODERATE,Immediate
IMG20260330124054 - Viren Viren.jpg,8.0,9.7,100.0,even,LOW,Low
IMG20260330124123 - Viren Viren.jpg,8.0,9.7,100.0,even,LOW,Low
IMG20260330124145 - Viren Viren.jpg,8.0,9.7,100.0,even,LOW,Low
IMG20260330124212 - Viren Viren.jpg,7.1525,8.77,86.7578125,center_wear,LOW,Low
IMG20260330124240 - Viren Viren.jpg,7.317499999999999,8.87,89.33593749999999,center_wear,LOW,Low
IMG20260330124317 - Viren Viren.jpg,8.0,9.7,100.0,even,LOW,Low
IMG20260330124343 - Viren Viren.jpg,8.0,9.7,100.0,even,LOW,Low
IMG20260330124435 - Viren Viren.jpg,8.0,9.7,100.0,even,LOW,Low
IMG20260330124500 - Viren Viren.jpg,8.0,9.7,100.0,even,LOW,Low
IMG20260330124528 - Viren Viren.jpg,8.0,9.7,100.0,even,LOW,Low
IMG20260330124552 - Viren Viren.jpg,8.0,9.7,100.0,even,LOW,Low
IMG20260330124623 - Viren Viren.jpg,8.0,9.7,100.0,even,LOW,Low
IMG20260330124648 - Viren Viren.jpg,8.0,9.7,100.0,even,LOW,Low
IMG20260330124751 - Viren Viren.jpg,8.0,9.7,100.0,even,LOW,Low
IMG20260330124820 - Viren Viren.jpg,8.0,9.7,100.0,even,LOW,Low
IMG20260330124855 - Viren Viren.jpg,3.606666666666667,5.1,31.354166666666668,uneven_wear,LOW,High
IMG20260330124919 - Viren Viren.jpg,3.2099999999999995,4.86,25.156249999999993,uneven_wear,LOW,High
IMG20260330125033 - Viren Viren.jpg,4.543333333333334,7.54,45.98958333333334,even,LOW,Medium
IMG20260330125055 - Viren Viren.jpg,3.2600000000000002,5.69,25.937500000000004,even,LOW,High
IMG20260330125113 - Viren Viren.jpg,2.8666666666666667,4.64,19.791666666666664,uneven_wear,MODERATE,Immediate
IMG20260330125139 - Viren Viren.jpg,3.7849999999999997,5.62,34.14062499999999,center_wear,LOW,High
IMG20260330125214 - Viren Viren.jpg,3.0725,4.67,23.007812499999993,one_sided_wear,LOW,High
IMG20260330125302 - Viren Viren.jpg,2.146666666666667,4.99,8.54166666666667,even,MODERATE,Immediate
IMG20260330125329 - Viren Viren.jpg,2.7874999999999996,5.39,18.554687499999993,even,MODERATE,Immediate
IMG20260330125535 - Viren Viren.jpg,8.0,9.7,100.0,even,LOW,Low
IMG20260330125538 - Viren Viren.jpg,8.0,9.7,100.0,even,LOW,Low
IMG20260330125542 - Viren Viren.jpg,8.0,9.7,100.0,even,LOW,Low
IMG20260330125546 - Viren Viren.jpg,8.0,9.7,100.0,even,LOW,Low
IMG20260330125556 - Viren Viren.jpg,8.0,9.7,100.0,even,LOW,Low
IMG20260330125600 - Viren Viren.jpg,8.0,9.7,100.0,even,LOW,Low
IMG20260330125611 - Viren Viren.jpg,8.0,9.7,100.0,even,LOW,Low
IMG20260330125615 - Viren Viren.jpg,8.0,9.7,100.0,even,LOW,Low
IMG20260330125619 - Viren Viren.jpg,8.0,9.7,100.0,even,LOW,Low
IMG20260330125621 - Viren Viren.jpg,8.0,9.7,100.0,even,LOW,Low
IMG20260330125635 - Viren Viren.jpg,8.0,9.7,100.0,even,LOW,Low
IMG20260330125638 - Viren Viren.jpg,8.0,9.7,100.0,even,LOW,Low
IMG20260330125643 - Viren Viren.jpg,8.0,9.7,100.0,even,LOW,Low
IMG20260330125647 - Viren Viren.jpg,8.0,9.7,100.0,even,LOW,Low
IMG20260330125806 - Viren Viren.jpg,2.2775,4.67,10.585937499999996,center_wear,MODERATE,Immediate
IMG20260330125900 - Viren Viren.jpg,4.615,6.78,47.109375,uneven_wear,LOW,Medium
IMG20260330125938 - Viren Viren.jpg,6.026666666666666,7.67,69.16666666666666,uneven_wear,LOW,Medium
IMG20260330130000 - Viren Viren.jpg,3.1399999999999997,4.81,24.062499999999993,uneven_wear,LOW,High
IMG20260402103749 - Viren Viren.jpg,1.9566666666666663,4.87,5.57291666666666,even,MODERATE,Immediate
IMG20260402103834 - Viren Viren.jpg,2.1775,4.61,9.023437500000002,center_wear,MODERATE,Immediate
IMG20260402103903 - Viren Viren.jpg,3.775,5.61,33.98437499999999,center_wear,LOW,High
IMG20260402103930 - Viren Viren.jpg,5.1875,7.14,56.0546875,uneven_wear,LOW,Medium
IMG20260402103954 - Viren Viren.jpg,2.8875,5.05,20.1171875,center_wear,MODERATE,High
IMG20260402104019 - Viren Viren.jpg,3.3099999999999996,5.32,26.718749999999993,center_wear,LOW,High
IMG20260402104055 - Viren Viren.jpg,4.483333333333333,6.7,45.05208333333333,uneven_wear,LOW,Medium
IMG20260402104122 - Viren Viren.jpg,6.025,8.07,69.14062500000001,center_wear,LOW,Medium
IMG20260402104209 - Viren Viren.jpg,6.0575,8.49,69.6484375,even,LOW,Medium
IMG20260402104251 - Viren Viren.jpg,3.686666666666666,5.95,32.60416666666666,even,LOW,High
IMG20260402104320 - Viren Viren.jpg,4.596666666666667,6.77,46.822916666666664,uneven_wear,LOW,Medium
IMG20260402104401 - Viren Viren.jpg,3.866666666666667,5.27,35.41666666666667,uneven_wear,LOW,High
IMG20260402104429 - Viren Viren.jpg,4.93,7.78,52.03124999999999,even,LOW,Medium
IMG20260402104452 - Viren Viren.jpg,5.396666666666667,8.07,59.32291666666667,even,LOW,Medium
IMG20260402105926 - Viren Viren.jpg,3.4325,5.0,28.6328125,uneven_wear,LOW,High
IMG20260402110056 - Viren Viren.jpg,7.227499999999999,8.82,87.92968749999999,center_wear,LOW,Low
IMG20260402110125 - Viren Viren.jpg,6.157500000000001,8.55,71.21093750000001,even,LOW,Low
IMG20260402110152 - Viren Viren.jpg,5.137500000000001,7.11,55.273437500000014,uneven_wear,LOW,Medium
IMG20260402110219 - Viren Viren.jpg,2.975,5.51,21.484375,even,MODERATE,High
IMG20260402110241 - Viren Viren.jpg,4.09,6.46,38.90624999999999,uneven_wear,LOW,High
IMG20260402110317 - Viren Viren.jpg,6.87,8.19,82.34375,uneven_wear,LOW,Low
IMG20260402110351 - Viren Viren.jpg,6.4175,7.81,75.2734375,one_sided_wear,LOW,Low
IMG20260402110418 - Viren Viren.jpg,5.4975000000000005,7.34,60.8984375,uneven_wear,LOW,Medium
IMG20260402110445 - Viren Viren.jpg,5.9,8.39,67.18750000000001,even,LOW,Medium
IMG20260402110513 - Viren Viren.jpg,3.9625,6.13,36.91406249999999,even,LOW,High
IMG20260402110540 - Viren Viren.jpg,4.623333333333334,6.79,47.23958333333334,uneven_wear,LOW,Medium
IMG20260402110605 - Viren Viren.jpg,4.2575,7.36,41.5234375,even,LOW,Medium
IMG20260402110708 - Viren Viren.jpg,4.4750000000000005,7.5,44.92187500000001,even,LOW,Medium
IMG20260402110743 - Viren Viren.jpg,4.1375,6.49,39.6484375,uneven_wear,LOW,High
IMG20260402110807 - Viren Viren.jpg,3.9050000000000002,6.09,36.015625,even,LOW,High
IMG20260402110833 - Viren Viren.jpg,5.445,7.7,60.07812500000001,center_wear,LOW,Medium
IMG20260402110930 - Viren Viren.jpg,5.7675,7.9,65.1171875,center_wear,LOW,Medium
IMG20260402111001 - Viren Viren.jpg,5.959999999999999,8.02,68.12499999999999,center_wear,LOW,Medium
IMG20260402111023 - Viren Viren.jpg,5.9025,7.99,67.2265625,center_wear,LOW,Medium
IMG20260402111050 - Viren Viren.jpg,4.79,6.99,49.84375,edge_wear,LOW,Medium
IMG20260402111110 - Viren Viren.jpg,3.9425,6.11,36.60156249999999,even,LOW,High
IMG20260402111137 - Viren Viren.jpg,2.8866666666666667,4.65,20.104166666666664,uneven_wear,MODERATE,High
IMG20260402111159 - Viren Viren.jpg,3.47,5.02,29.21875,uneven_wear,LOW,High
IMG20260402111223 - Viren Viren.jpg,3.576666666666666,5.89,30.885416666666654,even,LOW,High
IMG20260402111251 - Viren Viren.jpg,5.55,7.37,61.718749999999986,uneven_wear,LOW,Medium
IMG20260402111315 - Viren Viren.jpg,5.8225,7.94,65.9765625,center_wear,LOW,Medium
IMG20260402111346 - Viren Viren.jpg,6.616666666666667,8.04,78.38541666666667,uneven_wear,LOW,Low
IMG20260402111443 - Viren Viren.jpg,3.5025,5.04,29.726562499999996,uneven_wear,LOW,High
IMG20260402111501 - Viren Viren.jpg,5.669999999999999,7.44,63.59374999999997,uneven_wear,LOW,Medium
IMG20260402111546 - Viren Viren.jpg,3.7824999999999998,5.21,34.10156249999999,uneven_wear,LOW,High
IMG20260402111613 - Viren Viren.jpg,4.5024999999999995,6.81,45.351562499999986,edge_wear,LOW,Medium
IMG20260402111638 - Viren Viren.jpg,4.717499999999999,7.25,48.710937499999986,center_wear,LOW,Medium
IMG20260402111701 - Viren Viren.jpg,5.58,7.79,62.18749999999999,center_wear,LOW,Medium
IMG20260402111822 - Viren Viren.jpg,0.8866666666666667,1.55,0.0,critical_wear,CRITICAL,Immediate
IMG20260402111848 - Viren Viren.jpg,0.41,1.26,0.0,critical_wear,CRITICAL,Immediate
IMG20260402111938 - Viren Viren.jpg,7.890000000000001,9.23,98.28125000000001,center_wear,LOW,Low
IMG20260402112016 - Viren Viren.jpg,1.6533333333333333,4.28,0.8333333333333317,center_wear,MODERATE,Immediate
IMG20260402112044 - Viren Viren.jpg,2.1766666666666667,5.01,9.010416666666666,even,MODERATE,Immediate
IMG20260402112147 - Viren Viren.jpg,1.5350000000000001,1.96,0.0,critical_wear,CRITICAL,Immediate
IMG20260402112205 - Viren Viren.jpg,1.2349999999999999,1.77,0.0,critical_wear,CRITICAL,Immediate
IMG20260402112223 - Viren Viren.jpg,1.8624999999999998,4.01,4.101562499999996,uneven_wear,MODERATE,Immediate
IMG20260402112249 - Viren Viren.jpg,1.6324999999999998,3.97,0.5078124999999961,edge_wear,MODERATE,Immediate
IMG20260402112317 - Viren Viren.jpg,4.29,6.58,42.03125,uneven_wear,LOW,Medium
IMG20260402112351 - Viren Viren.jpg,2.9475,4.69,21.054687499999993,uneven_wear,MODERATE,High
IMG20260402112422 - Viren Viren.jpg,4.1466666666666665,6.49,39.79166666666666,uneven_wear,LOW,High
IMG20260402112447 - Viren Viren.jpg,3.4899999999999998,5.03,29.531249999999993,uneven_wear,LOW,High
IMG20260402112521 - Viren Viren.jpg,2.0824999999999996,4.55,7.539062499999992,center_wear,MODERATE,Immediate
IMG20260402112552 - Viren Viren.jpg,7.025,8.29,84.76562500000001,uneven_wear,LOW,Low
IMG20260402112617 - Viren Viren.jpg,3.15,5.22,24.218749999999996,center_wear,LOW,High
IMG20260402112648 - Viren Viren.jpg,2.3375,4.41,11.523437499999996,edge_wear,MODERATE,Immediate
IMG20260402112716 - Viren Viren.jpg,2.6,5.28,15.625,even,MODERATE,Immediate
IMG20260402112748 - Viren Viren.jpg,2.3775,4.44,12.148437499999998,edge_wear,MODERATE,Immediate
IMG20260406113429 - Viren Viren.jpg,8.0,9.7,100.0,even,LOW,Low
IMG20260406113440 - Viren Viren.jpg,8.0,9.7,100.0,even,LOW,Low
IMG20260406113448 - Viren Viren.jpg,8.0,9.7,100.0,even,LOW,Low
IMG20260406113454 - Viren Viren.jpg,8.0,9.7,100.0,even,LOW,Low
IMG20260406113459 - Viren Viren.jpg,8.0,9.7,100.0,even,LOW,Low
IMG20260406113505 - Viren Viren.jpg,8.0,9.7,100.0,even,LOW,Low
IMG20260406113516 - Viren Viren.jpg,8.0,9.7,100.0,even,LOW,Low
IMG20260406113521 - Viren Viren.jpg,8.0,9.7,100.0,even,LOW,Low
IMG20260406113529 - Viren Viren.jpg,8.0,9.7,100.0,even,LOW,Low
IMG20260406113534 - Viren Viren.jpg,8.0,9.7,100.0,even,LOW,Low
IMG20260406113554 - Viren Viren.jpg,8.0,9.7,100.0,even,LOW,Low
IMG20260406113559 - Viren Viren.jpg,8.0,9.7,100.0,even,LOW,Low
IMG20260406113604 - Viren Viren.jpg,8.0,9.7,100.0,even,LOW,Low
IMG20260406113610 - Viren Viren.jpg,8.0,9.7,100.0,even,LOW,Low
IMG20260406113614 - Viren Viren.jpg,8.0,9.7,100.0,even,LOW,Low
IMG20260406113618 - Viren Viren.jpg,8.0,9.7,100.0,even,LOW,Low
IMG20260406113622 - Viren Viren.jpg,8.0,9.7,100.0,even,LOW,Low
IMG20260406113629 - Viren Viren.jpg,8.0,9.7,100.0,even,LOW,Low
IMG20260406113637 - Viren Viren.jpg,8.0,9.7,100.0,even,LOW,Low
IMG20260406113648 - Viren Viren.jpg,8.0,9.7,100.0,even,LOW,Low
IMG20260406113652 - Viren Viren.jpg,8.0,9.7,100.0,even,LOW,Low
IMG20260406113656 - Viren Viren.jpg,8.0,9.7,100.0,even,LOW,Low
IMG20260406113705 - Viren Viren.jpg,8.0,9.7,100.0,even,LOW,Low
IMG20260406113712 - Viren Viren.jpg,8.0,9.7,100.0,even,LOW,Low
IMG20260406113716 - Viren Viren.jpg,8.0,9.7,100.0,even,LOW,Low
IMG20260406113726 - Viren Viren.jpg,8.0,9.7,100.0,even,LOW,Low
IMG20260406113736 - Viren Viren.jpg,8.0,9.7,100.0,even,LOW,Low
IMG20260406113740 - Viren Viren.jpg,8.0,9.7,100.0,even,LOW,Low
IMG20260406113752 - Viren Viren.jpg,8.0,9.7,100.0,even,LOW,Low
IMG20260406113756 - Viren Viren.jpg,8.0,9.7,100.0,even,LOW,Low
IMG20260406113813 - Viren Viren.jpg,8.0,9.7,100.0,even,LOW,Low
IMG20260406113829 - Viren Viren.jpg,8.0,9.7,100.0,even,LOW,Low
IMG20260406113833 - Viren Viren.jpg,8.0,9.7,100.0,even,LOW,Low
IMG20260406113844 - Viren Viren.jpg,8.0,9.7,100.0,even,LOW,Low
IMG20260406113920 - Viren Viren.jpg,8.0,9.7,100.0,even,LOW,Low
IMG20260406113925 - Viren Viren.jpg,8.0,9.7,100.0,even,LOW,Low
IMG20260406113959 - Viren Viren.jpg,8.0,9.7,100.0,even,LOW,Low
IMG20260406114008 - Viren Viren.jpg,8.0,9.7,100.0,even,LOW,Low
IMG20260406114013 - Viren Viren.jpg,8.0,9.7,100.0,even,LOW,Low
IMG20260406114020 - Viren Viren.jpg,8.0,9.7,100.0,even,LOW,Low
IMG20260406114024 - Viren Viren.jpg,8.0,9.7,100.0,even,LOW,Low
IMG20260406114028 - Viren Viren.jpg,8.0,9.7,100.0,even,LOW,Low
IMG20260406114032 - Viren Viren.jpg,8.0,9.7,100.0,even,LOW,Low
IMG20260406114035 - Viren Viren.jpg,8.0,9.7,100.0,even,LOW,Low
IMG20260406114038 - Viren Viren.jpg,8.0,9.7,100.0,even,LOW,Low
IMG20260406114111 - Viren Viren.jpg,8.0,9.7,100.0,even,LOW,Low
IMG20260406114117 - Viren Viren.jpg,8.0,9.7,100.0,even,LOW,Low
IMG20260406114127 - Viren Viren.jpg,8.0,9.7,100.0,even,LOW,Low
IMG20260406114142 - Viren Viren.jpg,8.0,9.7,100.0,even,LOW,Low
IMG20260406114152 - Viren Viren.jpg,8.0,9.7,100.0,even,LOW,Low
IMG20260406114158 - Viren Viren.jpg,8.0,9.7,100.0,even,LOW,Low
IMG20260406114223 - Viren Viren.jpg,8.0,9.7,100.0,even,LOW,Low
IMG20260406114230 - Viren Viren.jpg,8.0,9.7,100.0,even,LOW,Low
IMG20260406114244 - Viren Viren.jpg,8.0,9.7,100.0,even,LOW,Low
IMG20260406114352 - Viren Viren.jpg,8.0,9.7,100.0,even,LOW,Low
IMG20260406114358 - Viren Viren.jpg,8.0,9.7,100.0,even,LOW,Low
IMG20260406114411 - Viren Viren.jpg,8.0,9.7,100.0,even,LOW,Low
IMG20260406114415 - Viren Viren.jpg,8.0,9.7,100.0,even,LOW,Low
IMG20260406114420 - Viren Viren.jpg,8.0,9.7,100.0,even,LOW,Low
IMG20260406114431 - Viren Viren.jpg,8.0,9.7,100.0,even,LOW,Low
IMG20260406114441 - Viren Viren.jpg,8.0,9.7,100.0,even,LOW,Low
IMG20260406114506 - Viren Viren.jpg,8.0,9.7,100.0,even,LOW,Low
IMG20260406114537 - Viren Viren.jpg,8.0,9.7,100.0,even,LOW,Low
IMG20260406114544 - Viren Viren.jpg,8.0,9.7,100.0,even,LOW,Low
IMG20260406114557 - Viren Viren.jpg,8.0,9.7,100.0,even,LOW,Low
IMG20260406114603 - Viren Viren.jpg,8.0,9.7,100.0,even,LOW,Low
IMG20260406114749 - Viren Viren.jpg,4.526666666666666,6.73,45.72916666666666,uneven_wear,LOW,Medium
IMG20260406114806 - Viren Viren.jpg,3.4233333333333333,4.99,28.48958333333333,uneven_wear,LOW,High
IMG20260406114821 - Viren Viren.jpg,7.173333333333333,8.38,87.08333333333331,uneven_wear,LOW,Low
IMG20260406114838 - Viren Viren.jpg,3.6733333333333333,5.15,32.39583333333333,uneven_wear,LOW,High
IMG20260406114900 - Viren Viren.jpg,5.4025,7.68,59.4140625,center_wear,LOW,Medium
IMG20260406114925 - Viren Viren.jpg,3.5033333333333334,5.44,29.73958333333333,center_wear,LOW,High
IMG20260406115004 - Viren Viren.jpg,3.5766666666666667,5.09,30.885416666666664,uneven_wear,LOW,High
IMG20260406115046 - Viren Viren.jpg,1.7933333333333332,3.97,3.0208333333333304,uneven_wear,MODERATE,Immediate
IMG20260406115102 - Viren Viren.jpg,1.07,1.67,0.0,critical_wear,CRITICAL,Immediate
IMG20260406115117 - Viren Viren.jpg,1.4433333333333334,1.9,0.0,critical_wear,CRITICAL,Immediate
IMG20260406115136 - Viren Viren.jpg,1.3499999999999999,1.84,0.0,critical_wear,CRITICAL,Immediate
IMG20260406115158 - Viren Viren.jpg,1.3233333333333333,1.83,0.0,critical_wear,CRITICAL,Immediate
IMG20260406115217 - Viren Viren.jpg,0.755,1.47,0.0,critical_wear,CRITICAL,Immediate
IMG20260406115241 - Viren Viren.jpg,1.3975,1.87,0.0,critical_wear,CRITICAL,Immediate
IMG20260406115307 - Viren Viren.jpg,1.5425,1.96,0.0,critical_wear,CRITICAL,Immediate
IMG20260406115325 - Viren Viren.jpg,1.3825,1.86,0.0,critical_wear,CRITICAL,Immediate
IMG20260406115422 - Viren Viren.jpg,2.0233333333333334,4.51,6.614583333333333,center_wear,MODERATE,Immediate
IMG20260406115455 - Viren Viren.jpg,2.0566666666666666,4.54,7.135416666666665,center_wear,MODERATE,Immediate
IMG20260406115515 - Viren Viren.jpg,1.17,1.73,0.0,critical_wear,CRITICAL,Immediate
IMG20260406115544 - Viren Viren.jpg,1.9966666666666664,4.9,6.197916666666661,even,MODERATE,Immediate
IMG20260406115610 - Viren Viren.jpg,1.6433333333333333,3.88,0.6770833333333316,uneven_wear,MODERATE,Immediate
IMG20260406115708 - Viren Viren.jpg,1.7833333333333332,3.96,2.86458333333333,uneven_wear,MODERATE,Immediate
IMG20260406115732 - Viren Viren.jpg,0.9666666666666668,1.6,0.0,critical_wear,CRITICAL,Immediate
https://drive.google.com/open?id=1J0eZBJ_gUGH5bTvAHe1PjCz9e3Een7Tz,6.545000000000001,7.99,77.265625,uneven_wear,LOW,Low
https://drive.google.com/open?id=1EB44Pv2aBtgBw6VueO9wvFf_-MriItsa,5.1775,7.94,55.8984375,even,LOW,Medium
https://drive.google.com/open?id=1ssG0d2O_QF3_wFqDqvQNRLj46kBfhPd2,6.430000000000001,7.92,75.46875,uneven_wear,LOW,Low
https://drive.google.com/open?id=1mLBv5vtGMBhJMR04mn31-QTTR4-qe_mK,5.657500000000001,8.24,63.398437500000014,even,LOW,Medium
https://drive.google.com/open?id=197MhN36peHjH1Am22NifvM5kMZl9-4_-,2.58,5.26,15.312499999999998,even,MODERATE,Immediate
https://drive.google.com/open?id=1AhUEqS8iqEEwBLnv6lidpQFtaqcyg50O,2.69,5.33,17.031249999999996,even,MODERATE,Immediate
https://drive.google.com/open?id=19RQm5T74YlWmoVVqf1znuW7ZkKSI9T5W,1.0899999999999999,1.68,0.0,critical_wear,CRITICAL,Immediate
https://drive.google.com/open?id=1GHbSIxW7k1xgTrew-rlQYyzs7qT9c5J3,6.9,8.21,82.81250000000001,uneven_wear,LOW,Low
https://drive.google.com/open?id=1-VVR5WKlGWZLVswxFDYD6JrxeISXSGyy,6.827500000000001,8.57,81.67968750000001,center_wear,LOW,Low
https://drive.google.com/open?id=1MJ1Cg3EsjAgFXn12ynEv90fDv5otgl3E,7.7,9.51,95.31249999999999,even,LOW,Low
https://drive.google.com/open?id=1Y1h5iFUw4hL1ILOLBTybuAjcidLmfIn2,2.243333333333333,5.05,10.05208333333333,even,MODERATE,Immediate
https://drive.google.com/open?id=1x4toVmCgbShof_t-F-71LTwCMZQlYCrp,4.353333333333333,7.42,43.02083333333332,even,LOW,Medium
https://drive.google.com/open?id=1T1UdV72QI74yu62j7GHFu_P13PmIqtca,4.833333333333333,7.72,50.52083333333333,even,LOW,Medium
https://drive.google.com/open?id=1ed1oZkjAih_amMoYMtX7joah8G_aRnwi,3.3050000000000006,5.32,26.640625000000007,center_wear,LOW,High
IMG20260115085908.jpg,0.3,1.19,0.0,critical_wear,CRITICAL,Immediate
IMG20260121113753.jpg,0.5549999999999999,1.35,0.0,critical_wear,CRITICAL,Immediate
IMG20260121113853.jpg,0.58,1.36,0.0,critical_wear,CRITICAL,Immediate
IMG20260121114013.jpg,0.8866666666666667,1.55,0.0,critical_wear,CRITICAL,Immediate
1769244151437.jpg,0.9133333333333334,1.57,0.0,critical_wear,CRITICAL,Immediate
IMG20260115090719.jpg,0.9625,1.6,0.0,critical_wear,CRITICAL,Immediate
IMG20260128121045 (1).jpg,1.0733333333333335,1.67,0.0,critical_wear,CRITICAL,Immediate
IMG_7050.JPG,1.09,1.68,0.0,critical_wear,CRITICAL,Immediate
IMG20260121160116.jpg,1.1433333333333333,1.71,0.0,critical_wear,CRITICAL,Immediate
IMG_6972.JPG,1.155,1.72,0.0,critical_wear,CRITICAL,Immediate
IMG20260121114107.jpg,1.1566666666666665,1.72,0.0,critical_wear,CRITICAL,Immediate
IMG_6994.JPG,1.16,1.72,0.0,critical_wear,CRITICAL,Immediate
IMG_7016.JPG,1.21,1.76,0.0,critical_wear,CRITICAL,Immediate
IMG20260121113216.jpg,1.2133333333333332,1.76,0.0,critical_wear,CRITICAL,Immediate
IMG20251218154402.heic,1.2466666666666668,1.78,0.0,critical_wear,CRITICAL,Immediate
1769244151386.jpg,1.2566666666666668,1.79,0.0,critical_wear,CRITICAL,Immediate
IMG_6943.JPG,1.2875,1.8,0.0,critical_wear,CRITICAL,Immediate
IMG20260128122355.jpg,1.3366666666666667,1.84,0.0,critical_wear,CRITICAL,Immediate
IMG20260121115233.jpg,1.3966666666666665,1.87,0.0,critical_wear,CRITICAL,Immediate
IMG20260128122450.jpg,1.4033333333333335,1.88,0.0,critical_wear,CRITICAL,Immediate
IMG20260121115817.jpg,1.415,1.88,0.0,critical_wear,CRITICAL,Immediate
IMG_6991.JPG,1.42,1.89,0.0,critical_wear,CRITICAL,Immediate
IMG20260121114853.jpg,1.4400000000000002,1.9,0.0,critical_wear,CRITICAL,Immediate
IMG20260121160330.jpg,1.4799999999999998,1.92,0.0,critical_wear,CRITICAL,Immediate
IMG20260128123037.jpg,1.5233333333333334,1.95,0.0,critical_wear,CRITICAL,Immediate
IMG20260121114946.jpg,1.593333333333333,2.0,0.0,critical_wear,CRITICAL,Immediate
IMG20260121115440.jpg,1.6500000000000001,4.68,0.7812500000000007,even,MODERATE,Immediate
IMG_6966.JPG,1.6675,4.69,1.0546874999999982,even,MODERATE,Immediate
IMG20260121115535.jpg,1.68,4.7,1.2499999999999976,even,MODERATE,Immediate
IMG20260121160257.jpg,1.6966666666666665,4.71,1.5104166666666634,even,MODERATE,Immediate
IMG20260128122316.jpg,1.7000000000000002,4.71,1.5625000000000013,even,MODERATE,Immediate
IMG_6988.JPG,1.7133333333333332,4.72,1.770833333333329,even,MODERATE,Immediate
IMG20260128121235.jpg,1.7149999999999999,3.92,1.7968749999999964,uneven_wear,MODERATE,Immediate
IMG20260128121148.jpg,1.7225,4.73,1.9140624999999973,even,MODERATE,Immediate
IMG20260121115327.jpg,1.7299999999999998,4.73,2.0312499999999947,even,MODERATE,Immediate
IMG20260128123126.jpg,1.7633333333333334,4.75,2.5520833333333335,even,MODERATE,Immediate
IMG20260121114805.jpg,1.7766666666666666,3.96,2.7604166666666643,uneven_wear,MODERATE,Immediate
IMG20260128122910.jpg,1.8,4.78,3.124999999999999,even,MODERATE,Immediate
IMG20260121114224.jpg,1.8033333333333335,3.98,3.177083333333334,uneven_wear,MODERATE,Immediate
IMG20260121114341.jpg,1.83,4.39,3.5937499999999996,center_wear,MODERATE,Immediate
IMG_6934.JPG,1.8425,4.8,3.789062499999999,even,MODERATE,Immediate
IMG20260121114436.jpg,1.85,4.41,3.90625,center_wear,MODERATE,Immediate
IMG20251218155033.heic,1.8566666666666667,4.01,4.010416666666665,uneven_wear,MODERATE,Immediate
IMG20260128121712.jpg,1.8566666666666667,4.01,4.010416666666665,uneven_wear,MODERATE,Immediate
IMG20251103164609.heic,1.8900000000000001,4.43,4.531250000000001,center_wear,MODERATE,Immediate
IMG_6940.JPG,1.92,4.05,4.999999999999997,uneven_wear,MODERATE,Immediate
IMG_6947.JPG,1.9525000000000001,4.87,5.507812500000001,even,MODERATE,Immediate
IMG20260121115654.jpg,1.98,4.49,5.937499999999998,center_wear,MODERATE,Immediate
IMG20260128122957.jpg,2.03,4.92,6.718749999999996,even,MODERATE,Immediate
IMG20260121114537_01.jpg,2.0574999999999997,4.14,7.148437499999993,uneven_wear,MODERATE,Immediate
IMG_6925.JPG,2.1,4.96,7.8125,even,MODERATE,Immediate
IMG20260121114711.jpg,2.1033333333333335,4.16,7.864583333333335,uneven_wear,MODERATE,Immediate
IMG20260128122819.jpg,2.1533333333333333,4.2,8.645833333333332,uneven_wear,MODERATE,Immediate
IMG_6918.JPG,2.1874999999999996,5.02,9.179687499999991,even,MODERATE,Immediate
IMG20260128122154.jpg,2.19,5.02,9.218749999999998,even,MODERATE,Immediate
IMG20260128122230.jpg,2.266666666666666,4.27,10.416666666666657,uneven_wear,MODERATE,Immediate
IMG20260121113359.jpg,2.2999999999999994,5.09,10.93749999999999,even,MODERATE,Immediate
IMG20260121161400.jpg,2.3033333333333332,5.09,10.98958333333333,even,MODERATE,Immediate
IMG_7022.JPG,2.33,5.11,11.40625,even,MODERATE,Immediate
Copy of IMG20251218151751.jpg,2.4266666666666667,5.17,12.916666666666664,even,MODERATE,Immediate
IMG20251218154623.heic,2.4266666666666667,5.17,12.916666666666664,even,MODERATE,Immediate
IMG20260121113305.jpg,2.4466666666666668,5.18,13.229166666666666,even,MODERATE,Immediate
IMG20260121161458.jpg,2.4633333333333334,5.19,13.489583333333332,even,MODERATE,Immediate
IMG20260128121444.jpg,2.4775,5.2,13.710937499999998,even,MODERATE,Immediate
IMG20260121160223.jpg,2.4933333333333336,4.41,13.958333333333336,uneven_wear,MODERATE,Immediate
IMG_7019.JPG,2.6266666666666665,5.29,16.04166666666666,even,MODERATE,Immediate
IMG_6931.JPG,2.6500000000000004,5.31,16.406250000000004,even,MODERATE,Immediate
IMG20260128122711.jpg,2.676666666666667,5.32,16.822916666666675,even,MODERATE,Immediate
IMG_6997.JPG,2.706666666666667,5.34,17.291666666666668,even,MODERATE,Immediate
IMG20260128121628.jpg,2.7199999999999998,5.35,17.499999999999993,even,MODERATE,Immediate
IMG20260115090353.jpg,2.7325,4.56,17.695312499999996,uneven_wear,MODERATE,Immediate
IMG20260121112523.jpg,2.7433333333333336,5.36,17.864583333333336,even,MODERATE,Immediate
IMG20260128122610.jpg,2.7566666666666664,5.37,18.07291666666666,even,MODERATE,Immediate
IMG20260121115143.jpg,2.77,5.38,18.28125,even,MODERATE,Immediate
IMG20260121115033.jpg,2.813333333333333,5.41,18.95833333333333,even,MODERATE,Immediate
Copy of IMG20251218151653.jpg,2.8200000000000003,5.41,19.0625,even,MODERATE,Immediate
IMG20260128122525.jpg,2.8233333333333337,5.41,19.11458333333334,even,MODERATE,Immediate
IMG20260121112252.jpg,2.8333333333333335,5.42,19.270833333333336,even,MODERATE,Immediate
IMG20260121161110.jpg,2.8733333333333335,5.45,19.895833333333336,even,MODERATE,Immediate
IMG20260121112649.jpg,2.8833333333333333,5.45,20.052083333333332,even,MODERATE,High
IMG20260121120740.jpg,2.8866666666666667,5.45,20.104166666666664,even,MODERATE,High
IMG20260128121756.jpg,2.9299999999999997,5.48,20.781249999999993,even,MODERATE,High
IMG20260121112135.jpg,2.9333333333333336,5.48,20.833333333333336,even,MODERATE,High
IMG20251218160210.heic,2.9599999999999995,5.5,21.249999999999993,even,MODERATE,High
IMG_7010.JPG,2.9599999999999995,5.5,21.249999999999993,even,MODERATE,High
IMG_7007.JPG,2.9633333333333334,5.5,21.302083333333332,even,MODERATE,High
IMG20260128121354.jpg,2.9699999999999998,5.51,21.406249999999993,even,MODERATE,High
IMG20251218155818.heic,3.0033333333333334,5.13,21.927083333333332,center_wear,LOW,High
IMG20260121160906.jpg,3.01,5.53,22.031249999999993,even,LOW,High
IMG_7004.JPG,3.0100000000000002,5.53,22.031250000000004,even,LOW,High
IMG_7001.JPG,3.043333333333333,5.55,22.552083333333325,even,LOW,High
IMG20260121160804.jpg,3.0500000000000003,5.56,22.656250000000004,even,LOW,High
IMG_6982.JPG,3.0975,5.59,23.3984375,even,LOW,High
IMG20260128121953.jpg,3.1,5.59,23.4375,even,LOW,High
IMG_6975.JPG,3.1224999999999996,4.8,23.789062499999993,uneven_wear,LOW,High
IMG_7038.JPG,3.1533333333333338,5.62,24.27083333333334,even,LOW,High
IMG20260121161303.jpg,3.16,4.92,24.375,edge_wear,LOW,High
IMG20260128122123.jpg,3.1933333333333334,5.65,24.895833333333332,even,LOW,High
IMG_6985.JPG,3.2125,5.66,25.195312499999993,even,LOW,High
IMG_7041.JPG,3.216666666666667,5.66,25.260416666666664,even,LOW,High
IMG_6979.JPG,3.2225,4.76,25.351562499999996,one_sided_wear,LOW,High
Copy of IMG20251218151832.jpg,3.2866666666666666,5.7,26.35416666666666,even,LOW,High
IMG20251218160057.heic,3.3066666666666666,5.72,26.66666666666666,even,LOW,High
IMG20260121161220.jpg,3.313333333333333,5.02,26.77083333333333,edge_wear,LOW,High
IMG20251218160358.heic,3.3366666666666664,4.94,27.13541666666666,uneven_wear,LOW,High
IMG20260128122046.jpg,3.393333333333333,5.77,28.02083333333333,even,LOW,High
IMG_6957.JPG,3.4025,4.98,28.164062499999993,uneven_wear,LOW,High
1769244151482.jpg,3.4633333333333334,5.81,29.114583333333332,even,LOW,High
IMG20251218160307.heic,3.5033333333333334,5.04,29.73958333333333,uneven_wear,LOW,High
IMG20260128121859.jpg,3.513333333333333,5.85,29.89583333333333,even,LOW,High
IMG20251103164832.heic,3.5566666666666666,5.47,30.57291666666666,center_wear,LOW,High
IMG_6951.JPG,3.6224999999999996,5.91,31.601562499999993,even,LOW,High
IMG20251218155934.heic,3.676666666666667,5.25,32.44791666666667,edge_wear,LOW,High
IMG20260121121508.jpg,3.795,6.02,34.29687499999999,even,LOW,High
IMG20260121113443.jpg,3.8200000000000003,5.64,34.6875,center_wear,LOW,High
IMG_7025.JPG,3.925,6.1,36.32812499999999,even,LOW,High
IMG_7028.JPG,3.94,6.11,36.5625,even,LOW,High
IMG_7013.JPG,3.9566666666666666,6.12,36.82291666666666,even,LOW,High
1769244151336.jpg,4.13,6.88,39.53124999999999,center_wear,LOW,High
IMG20251218160520.heic,4.183333333333333,6.51,40.36458333333332,uneven_wear,LOW,Medium
IMG20260115085618.jpg,4.2075000000000005,6.93,40.74218750000001,center_wear,LOW,Medium
IMG20251218154457.heic,4.21,7.33,40.78125,even,LOW,Medium
Copy of IMG20251218152144.jpg,4.246666666666667,6.55,41.35416666666667,uneven_wear,LOW,Medium
IMG20260121113103.jpg,4.272500000000001,7.37,41.75781250000001,even,LOW,Medium
IMG20251218155739.heic,4.276666666666666,6.57,41.82291666666666,uneven_wear,LOW,Medium
IMG20260121112821.jpg,4.2975,7.39,42.1484375,even,LOW,Medium
Copy of IMG20251218153808.jpg,4.323333333333333,6.6,42.55208333333333,uneven_wear,LOW,Medium
IMG20260121113011.jpg,4.33,7.41,42.65624999999999,even,LOW,Medium
Copy of IMG20251218154022.jpg,4.3500000000000005,7.02,42.96875000000001,center_wear,LOW,Medium
IMG20260121112912.jpg,4.359999999999999,7.42,43.124999999999986,even,LOW,Medium
Copy of IMG20251218151035.jpg,4.460000000000001,7.09,44.68750000000001,center_wear,LOW,Medium
Copy of IMG20251218152036.jpg,4.463333333333334,7.49,44.739583333333336,even,LOW,Medium
Copy of IMG20251218152401.jpg,4.503333333333333,6.71,45.36458333333332,uneven_wear,LOW,Medium
Copy of 9.jpg,4.6,6.78,46.874999999999986,uneven_wear,LOW,Medium
IMG20251218154542.heic,4.633333333333334,7.6,47.395833333333336,even,LOW,Medium
Copy of IMG20251218145539.jpg,4.636666666666667,6.8,47.447916666666664,uneven_wear,LOW,Medium
Copy of IMG20251218145654.jpg,4.66,7.61,47.8125,even,LOW,Medium
Copy of IMG20251218145831.jpg,4.676666666666667,6.82,48.072916666666664,uneven_wear,LOW,Medium
Copy of IMG20251218150730.jpg,4.695,7.23,48.359375,center_wear,LOW,Medium
Copy of IMG20251218153610.jpg,4.7,6.84,48.4375,uneven_wear,LOW,Medium
Copy of 5.jpg,4.82,7.71,50.31250000000001,even,LOW,Medium
Copy of IMG20251218153928.jpg,4.83,6.92,50.46874999999999,uneven_wear,LOW,Medium
Copy of IMG20251218150254.jpg,4.8325000000000005,6.92,50.50781250000001,uneven_wear,LOW,Medium
Copy of IMG20251218154203.jpg,4.896666666666667,6.96,51.51041666666667,uneven_wear,LOW,Medium
front image.jpeg,4.920000000000001,7.38,51.87500000000001,center_wear,LOW,Medium
Copy of IMG20251218153445.jpg,4.983333333333333,7.41,52.86458333333333,center_wear,LOW,Medium
Copy of IMG20251218153357.jpg,5.016666666666667,7.84,53.385416666666664,even,LOW,Medium
Copy of IMG20251218153029.jpg,5.09,7.08,54.53125,uneven_wear,LOW,Medium
Copy of IMG20251218145812.jpg,5.136666666666667,7.11,55.260416666666664,uneven_wear,LOW,Medium
Copy of IMG20251218152902.jpg,5.1433333333333335,7.11,55.36458333333333,uneven_wear,LOW,Medium
Copy of IMG20251218152236.jpg,5.199999999999999,7.55,56.249999999999986,center_wear,LOW,Medium
Copy of IMG20251218150847.jpg,5.232500000000001,7.57,56.75781250000001,center_wear,LOW,Medium
Copy of IMG20251218150621.jpg,5.2825,7.2,57.53906249999999,uneven_wear,LOW,Medium
Copy of IMG20251218152538.jpg,5.3575,7.65,58.71093749999999,center_wear,LOW,Medium
IMG20251218154739.heic,5.406666666666666,8.08,59.47916666666666,even,LOW,Medium
Copy of IMG20251218153307.jpg,5.446666666666666,7.4,60.10416666666666,edge_wear,LOW,Medium
Copy of IMG20251218150508.jpg,5.4799999999999995,7.72,60.624999999999986,center_wear,LOW,Medium
Copy of IMG20251218151921.jpg,5.486666666666667,8.13,60.729166666666664,even,LOW,Medium
Copy of IMG20251218152440.jpg,5.5225,7.35,61.28906249999999,uneven_wear,LOW,Medium
Copy of 1.jpg,5.6066666666666665,8.2,62.60416666666665,even,LOW,Medium
IMG20251103170048.heic,5.6725,7.45,63.63281249999999,uneven_wear,LOW,Medium
IMG20251218155614.heic,5.776666666666666,7.51,65.26041666666666,uneven_wear,LOW,Medium
Copy of IMG20251218150412.jpg,5.8475,7.95,66.3671875,center_wear,LOW,Medium
IMG20251218154833.heic,5.923333333333333,7.6,67.55208333333331,uneven_wear,LOW,Medium
IMG20251218154944.heic,5.953333333333333,7.62,68.02083333333333,uneven_wear,LOW,Medium
front image 5.jpeg,5.977499999999999,8.04,68.39843749999999,center_wear,LOW,Medium
front image 4.jpeg,6.0225,8.06,69.10156249999999,center_wear,LOW,Medium
Copy of IMG20251218145404.jpg,6.03,7.67,69.21875,uneven_wear,LOW,Medium
IMG20251218160602.heic,6.1000000000000005,7.71,70.3125,uneven_wear,LOW,Low
IMG20251218160636.heic,6.18,7.76,71.5625,uneven_wear,LOW,Low
IMG20251103165459.heic,6.2675,8.22,72.9296875,center_wear,LOW,Low
IMG20251103164237.heic,6.303333333333334,7.84,73.48958333333333,uneven_wear,LOW,Low
Copy of IMG20251218152941.jpg,6.463333333333334,8.74,75.98958333333333,even,LOW,Low
IMG20251103164020.heic,6.493333333333333,8.76,76.45833333333331,even,LOW,Low
Copy of IMG20251218153134.jpg,6.616666666666667,8.04,78.38541666666667,uneven_wear,LOW,Low
IMG20251218160726.heic,6.776666666666666,8.94,80.88541666666666,even,LOW,Low
Copy of IMG20251218151359.jpg,7.146666666666667,9.17,86.66666666666667,even,LOW,Low
Copy of IMG20251218151620.jpg,7.156666666666667,9.17,86.82291666666666,even,LOW,Low
IMG20251103165827.heic,7.3,8.86,89.06249999999999,center_wear,LOW,Low
002_IMG20260209154457 (1).heic,3.4025,5.78,28.164062499999993,even,LOW,High
007_IMG20260209154607.heic,3.4525000000000006,5.81,28.945312500000004,even,LOW,High
013_IMG20260209154732.heic,3.65,5.93,32.03124999999999,even,LOW,High
019_IMG20260209154849.heic,3.6275,5.92,31.679687499999996,even,LOW,High
025_IMG20260209154957.heic,2.9299999999999997,5.48,20.781249999999993,even,MODERATE,High
041_IMG20260209155508.heic,2.6633333333333336,5.31,16.614583333333336,even,MODERATE,Immediate
047_IMG20260209155620.heic,3.4025000000000003,4.98,28.164062500000004,uneven_wear,LOW,High
053_IMG20260209155700.heic,3.465,5.82,29.140624999999993,even,LOW,High
059_IMG20260209155852.heic,3.74,5.99,33.4375,even,LOW,High
065_IMG20260209155957.heic,2.8699999999999997,5.44,19.843749999999993,even,MODERATE,Immediate
071_IMG20260209160826.heic,3.266666666666667,5.69,26.041666666666668,even,LOW,High
077_IMG20260209161000.heic,2.2899999999999996,4.38,10.781249999999993,edge_wear,MODERATE,Immediate
083_IMG20260209161051.heic,2.8033333333333332,5.4,18.80208333333333,even,MODERATE,Immediate
093_IMG20260209161255.heic,2.716666666666667,5.35,17.447916666666664,even,MODERATE,Immediate
117_IMG20260209161617.heic,3.0349999999999997,5.55,22.421874999999993,even,LOW,High
123_IMG20260209161701.heic,1.5699999999999998,1.98,0.0,critical_wear,CRITICAL,Immediate
129_IMG20260209161808.heic,1.725,3.93,1.953125,uneven_wear,MODERATE,Immediate
dataset\continuous_learning\front_view\fd9cc42d-35eb-471a-a1d6-afda22c7b14b.jpg,5.4,8.07,59.375,even,LOW,Medium
